{
    "dependencies": {
        "github.com/aws/aws-sdk-go-v2": "v1.4.0",
        "github.com/aws/aws-sdk-go-v2/internal/configsources": "v0.0.0-00010101000000-000000000000",
        "github.com/aws/aws-sdk-go-v2/internal/endpoints/v2": "v2.0.0-00010101000000-000000000000",
        "github.com/aws/smithy-go": "v1.4.0",
        "github.com/google/go-cmp": "v0.5.4"
    },
    "files": [
        "api_client.go",
        "api_client_test.go",
        "api_op_AllocateStaticIp.go",
        "api_op_AttachCertificateToDistribution.go",
        "api_op_AttachDisk.go",
        "api_op_AttachInstancesToLoadBalancer.go",
        "api_op_AttachLoadBalancerTlsCertificate.go",
        "api_op_AttachStaticIp.go",
        "api_op_CloseInstancePublicPorts.go",
        "api_op_CopySnapshot.go",
        "api_op_CreateBucket.go",
        "api_op_CreateBucketAccessKey.go",
        "api_op_CreateCertificate.go",
        "api_op_CreateCloudFormationStack.go",
        "api_op_CreateContactMethod.go",
        "api_op_CreateContainerService.go",
        "api_op_CreateContainerServiceDeployment.go",
        "api_op_CreateContainerServiceRegistryLogin.go",
        "api_op_CreateDisk.go",
        "api_op_CreateDiskFromSnapshot.go",
        "api_op_CreateDiskSnapshot.go",
        "api_op_CreateDistribution.go",
        "api_op_CreateDomain.go",
        "api_op_CreateDomainEntry.go",
        "api_op_CreateGUISessionAccessDetails.go",
        "api_op_CreateInstanceSnapshot.go",
        "api_op_CreateInstances.go",
        "api_op_CreateInstancesFromSnapshot.go",
        "api_op_CreateKeyPair.go",
        "api_op_CreateLoadBalancer.go",
        "api_op_CreateLoadBalancerTlsCertificate.go",
        "api_op_CreateRelationalDatabase.go",
        "api_op_CreateRelationalDatabaseFromSnapshot.go",
        "api_op_CreateRelationalDatabaseSnapshot.go",
        "api_op_DeleteAlarm.go",
        "api_op_DeleteAutoSnapshot.go",
        "api_op_DeleteBucket.go",
        "api_op_DeleteBucketAccessKey.go",
        "api_op_DeleteCertificate.go",
        "api_op_DeleteContactMethod.go",
        "api_op_DeleteContainerImage.go",
        "api_op_DeleteContainerService.go",
        "api_op_DeleteDisk.go",
        "api_op_DeleteDiskSnapshot.go",
        "api_op_DeleteDistribution.go",
        "api_op_DeleteDomain.go",
        "api_op_DeleteDomainEntry.go",
        "api_op_DeleteInstance.go",
        "api_op_DeleteInstanceSnapshot.go",
        "api_op_DeleteKeyPair.go",
        "api_op_DeleteKnownHostKeys.go",
        "api_op_DeleteLoadBalancer.go",
        "api_op_DeleteLoadBalancerTlsCertificate.go",
        "api_op_DeleteRelationalDatabase.go",
        "api_op_DeleteRelationalDatabaseSnapshot.go",
        "api_op_DetachCertificateFromDistribution.go",
        "api_op_DetachDisk.go",
        "api_op_DetachInstancesFromLoadBalancer.go",
        "api_op_DetachStaticIp.go",
        "api_op_DisableAddOn.go",
        "api_op_DownloadDefaultKeyPair.go",
        "api_op_EnableAddOn.go",
        "api_op_ExportSnapshot.go",
        "api_op_GetActiveNames.go",
        "api_op_GetAlarms.go",
        "api_op_GetAutoSnapshots.go",
        "api_op_GetBlueprints.go",
        "api_op_GetBucketAccessKeys.go",
        "api_op_GetBucketBundles.go",
        "api_op_GetBucketMetricData.go",
        "api_op_GetBuckets.go",
        "api_op_GetBundles.go",
        "api_op_GetCertificates.go",
        "api_op_GetCloudFormationStackRecords.go",
        "api_op_GetContactMethods.go",
        "api_op_GetContainerAPIMetadata.go",
        "api_op_GetContainerImages.go",
        "api_op_GetContainerLog.go",
        "api_op_GetContainerServiceDeployments.go",
        "api_op_GetContainerServiceMetricData.go",
        "api_op_GetContainerServicePowers.go",
        "api_op_GetContainerServices.go",
        "api_op_GetCostEstimate.go",
        "api_op_GetDisk.go",
        "api_op_GetDiskSnapshot.go",
        "api_op_GetDiskSnapshots.go",
        "api_op_GetDisks.go",
        "api_op_GetDistributionBundles.go",
        "api_op_GetDistributionLatestCacheReset.go",
        "api_op_GetDistributionMetricData.go",
        "api_op_GetDistributions.go",
        "api_op_GetDomain.go",
        "api_op_GetDomains.go",
        "api_op_GetExportSnapshotRecords.go",
        "api_op_GetInstance.go",
        "api_op_GetInstanceAccessDetails.go",
        "api_op_GetInstanceMetricData.go",
        "api_op_GetInstancePortStates.go",
        "api_op_GetInstanceSnapshot.go",
        "api_op_GetInstanceSnapshots.go",
        "api_op_GetInstanceState.go",
        "api_op_GetInstances.go",
        "api_op_GetKeyPair.go",
        "api_op_GetKeyPairs.go",
        "api_op_GetLoadBalancer.go",
        "api_op_GetLoadBalancerMetricData.go",
        "api_op_GetLoadBalancerTlsCertificates.go",
        "api_op_GetLoadBalancerTlsPolicies.go",
        "api_op_GetLoadBalancers.go",
        "api_op_GetOperation.go",
        "api_op_GetOperations.go",
        "api_op_GetOperationsForResource.go",
        "api_op_GetRegions.go",
        "api_op_GetRelationalDatabase.go",
        "api_op_GetRelationalDatabaseBlueprints.go",
        "api_op_GetRelationalDatabaseBundles.go",
        "api_op_GetRelationalDatabaseEvents.go",
        "api_op_GetRelationalDatabaseLogEvents.go",
        "api_op_GetRelationalDatabaseLogStreams.go",
        "api_op_GetRelationalDatabaseMasterUserPassword.go",
        "api_op_GetRelationalDatabaseMetricData.go",
        "api_op_GetRelationalDatabaseParameters.go",
        "api_op_GetRelationalDatabaseSnapshot.go",
        "api_op_GetRelationalDatabaseSnapshots.go",
        "api_op_GetRelationalDatabases.go",
        "api_op_GetSetupHistory.go",
        "api_op_GetStaticIp.go",
        "api_op_GetStaticIps.go",
        "api_op_ImportKeyPair.go",
        "api_op_IsVpcPeered.go",
        "api_op_OpenInstancePublicPorts.go",
        "api_op_PeerVpc.go",
        "api_op_PutAlarm.go",
        "api_op_PutInstancePublicPorts.go",
        "api_op_RebootInstance.go",
        "api_op_RebootRelationalDatabase.go",
        "api_op_RegisterContainerImage.go",
        "api_op_ReleaseStaticIp.go",
        "api_op_ResetDistributionCache.go",
        "api_op_SendContactMethodVerification.go",
        "api_op_SetIpAddressType.go",
        "api_op_SetResourceAccessForBucket.go",
        "api_op_SetupInstanceHttps.go",
        "api_op_StartGUISession.go",
        "api_op_StartInstance.go",
        "api_op_StartRelationalDatabase.go",
        "api_op_StopGUISession.go",
        "api_op_StopInstance.go",
        "api_op_StopRelationalDatabase.go",
        "api_op_TagResource.go",
        "api_op_TestAlarm.go",
        "api_op_UnpeerVpc.go",
        "api_op_UntagResource.go",
        "api_op_UpdateBucket.go",
        "api_op_UpdateBucketBundle.go",
        "api_op_UpdateContainerService.go",
        "api_op_UpdateDistribution.go",
        "api_op_UpdateDistributionBundle.go",
        "api_op_UpdateDomainEntry.go",
        "api_op_UpdateInstanceMetadataOptions.go",
        "api_op_UpdateLoadBalancerAttribute.go",
        "api_op_UpdateRelationalDatabase.go",
        "api_op_UpdateRelationalDatabaseParameters.go",
        "auth.go",
        "deserializers.go",
        "doc.go",
        "endpoints.go",
        "endpoints_config_test.go",
        "endpoints_test.go",
        "generated.json",
        "internal/endpoints/endpoints.go",
        "internal/endpoints/endpoints_test.go",
        "options.go",
        "protocol_test.go",
        "serializers.go",
        "types/enums.go",
        "types/errors.go",
        "types/types.go",
        "validators.go"
    ],
    "go": "1.15",
    "module": "github.com/aws/aws-sdk-go-v2/service/lightsail",
    "unstable": false
}
