{
  "schema": "1.0",
  "comment": "This file maps proto services/RPCs to the corresponding library clients/methods.",
  "language": "go",
  "protoPackage": "google.cloud.bigquery.biglake.v1alpha1",
  "libraryPackage": "cloud.google.com/go/bigquery/biglake/apiv1alpha1",
  "services": {
    "MetastoreService": {
      "clients": {
        "grpc": {
          "libraryClient": "MetastoreClient",
          "rpcs": {
            "CheckLock": {
              "methods": [
                "CheckLock"
              ]
            },
            "CreateCatalog": {
              "methods": [
                "CreateCatalog"
              ]
            },
            "CreateDatabase": {
              "methods": [
                "CreateDatabase"
              ]
            },
            "CreateLock": {
              "methods": [
                "CreateLock"
              ]
            },
            "CreateTable": {
              "methods": [
                "CreateTable"
              ]
            },
            "DeleteCatalog": {
              "methods": [
                "DeleteCatalog"
              ]
            },
            "DeleteDatabase": {
              "methods": [
                "DeleteDatabase"
              ]
            },
            "DeleteLock": {
              "methods": [
                "DeleteLock"
              ]
            },
            "DeleteTable": {
              "methods": [
                "DeleteTable"
              ]
            },
            "GetCatalog": {
              "methods": [
                "GetCatalog"
              ]
            },
            "GetDatabase": {
              "methods": [
                "GetDatabase"
              ]
            },
            "GetTable": {
              "methods": [
                "GetTable"
              ]
            },
            "ListCatalogs": {
              "methods": [
                "ListCatalogs"
              ]
            },
            "ListDatabases": {
              "methods": [
                "ListDatabases"
              ]
            },
            "ListLocks": {
              "methods": [
                "ListLocks"
              ]
            },
            "ListTables": {
              "methods": [
                "ListTables"
              ]
            },
            "RenameTable": {
              "methods": [
                "RenameTable"
              ]
            },
            "UpdateDatabase": {
              "methods": [
                "UpdateDatabase"
              ]
            },
            "UpdateTable": {
              "methods": [
                "UpdateTable"
              ]
            }
          }
        },
        "rest": {
          "libraryClient": "MetastoreClient",
          "rpcs": {
            "CheckLock": {
              "methods": [
                "CheckLock"
              ]
            },
            "CreateCatalog": {
              "methods": [
                "CreateCatalog"
              ]
            },
            "CreateDatabase": {
              "methods": [
                "CreateDatabase"
              ]
            },
            "CreateLock": {
              "methods": [
                "CreateLock"
              ]
            },
            "CreateTable": {
              "methods": [
                "CreateTable"
              ]
            },
            "DeleteCatalog": {
              "methods": [
                "DeleteCatalog"
              ]
            },
            "DeleteDatabase": {
              "methods": [
                "DeleteDatabase"
              ]
            },
            "DeleteLock": {
              "methods": [
                "DeleteLock"
              ]
            },
            "DeleteTable": {
              "methods": [
                "DeleteTable"
              ]
            },
            "GetCatalog": {
              "methods": [
                "GetCatalog"
              ]
            },
            "GetDatabase": {
              "methods": [
                "GetDatabase"
              ]
            },
            "GetTable": {
              "methods": [
                "GetTable"
              ]
            },
            "ListCatalogs": {
              "methods": [
                "ListCatalogs"
              ]
            },
            "ListDatabases": {
              "methods": [
                "ListDatabases"
              ]
            },
            "ListLocks": {
              "methods": [
                "ListLocks"
              ]
            },
            "ListTables": {
              "methods": [
                "ListTables"
              ]
            },
            "RenameTable": {
              "methods": [
                "RenameTable"
              ]
            },
            "UpdateDatabase": {
              "methods": [
                "UpdateDatabase"
              ]
            },
            "UpdateTable": {
              "methods": [
                "UpdateTable"
              ]
            }
          }
        }
      }
    }
  }
}
