{
    "dependencies": {
        "github.com/aws/aws-sdk-go-v2": "v1.4.0",
        "github.com/aws/aws-sdk-go-v2/internal/configsources": "v0.0.0-00010101000000-000000000000",
        "github.com/aws/aws-sdk-go-v2/internal/endpoints/v2": "v2.0.0-00010101000000-000000000000",
        "github.com/aws/smithy-go": "v1.4.0",
        "github.com/google/go-cmp": "v0.5.4"
    },
    "files": [
        "api_client.go",
        "api_client_test.go",
        "api_op_AssociateApprovalRuleTemplateWithRepository.go",
        "api_op_BatchAssociateApprovalRuleTemplateWithRepositories.go",
        "api_op_BatchDescribeMergeConflicts.go",
        "api_op_BatchDisassociateApprovalRuleTemplateFromRepositories.go",
        "api_op_BatchGetCommits.go",
        "api_op_BatchGetRepositories.go",
        "api_op_CreateApprovalRuleTemplate.go",
        "api_op_CreateBranch.go",
        "api_op_CreateCommit.go",
        "api_op_CreatePullRequest.go",
        "api_op_CreatePullRequestApprovalRule.go",
        "api_op_CreateRepository.go",
        "api_op_CreateUnreferencedMergeCommit.go",
        "api_op_DeleteApprovalRuleTemplate.go",
        "api_op_DeleteBranch.go",
        "api_op_DeleteCommentContent.go",
        "api_op_DeleteFile.go",
        "api_op_DeletePullRequestApprovalRule.go",
        "api_op_DeleteRepository.go",
        "api_op_DescribeMergeConflicts.go",
        "api_op_DescribePullRequestEvents.go",
        "api_op_DisassociateApprovalRuleTemplateFromRepository.go",
        "api_op_EvaluatePullRequestApprovalRules.go",
        "api_op_GetApprovalRuleTemplate.go",
        "api_op_GetBlob.go",
        "api_op_GetBranch.go",
        "api_op_GetComment.go",
        "api_op_GetCommentReactions.go",
        "api_op_GetCommentsForComparedCommit.go",
        "api_op_GetCommentsForPullRequest.go",
        "api_op_GetCommit.go",
        "api_op_GetDifferences.go",
        "api_op_GetFile.go",
        "api_op_GetFolder.go",
        "api_op_GetMergeCommit.go",
        "api_op_GetMergeConflicts.go",
        "api_op_GetMergeOptions.go",
        "api_op_GetPullRequest.go",
        "api_op_GetPullRequestApprovalStates.go",
        "api_op_GetPullRequestOverrideState.go",
        "api_op_GetRepository.go",
        "api_op_GetRepositoryTriggers.go",
        "api_op_ListApprovalRuleTemplates.go",
        "api_op_ListAssociatedApprovalRuleTemplatesForRepository.go",
        "api_op_ListBranches.go",
        "api_op_ListFileCommitHistory.go",
        "api_op_ListPullRequests.go",
        "api_op_ListRepositories.go",
        "api_op_ListRepositoriesForApprovalRuleTemplate.go",
        "api_op_ListTagsForResource.go",
        "api_op_MergeBranchesByFastForward.go",
        "api_op_MergeBranchesBySquash.go",
        "api_op_MergeBranchesByThreeWay.go",
        "api_op_MergePullRequestByFastForward.go",
        "api_op_MergePullRequestBySquash.go",
        "api_op_MergePullRequestByThreeWay.go",
        "api_op_OverridePullRequestApprovalRules.go",
        "api_op_PostCommentForComparedCommit.go",
        "api_op_PostCommentForPullRequest.go",
        "api_op_PostCommentReply.go",
        "api_op_PutCommentReaction.go",
        "api_op_PutFile.go",
        "api_op_PutRepositoryTriggers.go",
        "api_op_TagResource.go",
        "api_op_TestRepositoryTriggers.go",
        "api_op_UntagResource.go",
        "api_op_UpdateApprovalRuleTemplateContent.go",
        "api_op_UpdateApprovalRuleTemplateDescription.go",
        "api_op_UpdateApprovalRuleTemplateName.go",
        "api_op_UpdateComment.go",
        "api_op_UpdateDefaultBranch.go",
        "api_op_UpdatePullRequestApprovalRuleContent.go",
        "api_op_UpdatePullRequestApprovalState.go",
        "api_op_UpdatePullRequestDescription.go",
        "api_op_UpdatePullRequestStatus.go",
        "api_op_UpdatePullRequestTitle.go",
        "api_op_UpdateRepositoryDescription.go",
        "api_op_UpdateRepositoryName.go",
        "auth.go",
        "deserializers.go",
        "doc.go",
        "endpoints.go",
        "endpoints_config_test.go",
        "endpoints_test.go",
        "generated.json",
        "internal/endpoints/endpoints.go",
        "internal/endpoints/endpoints_test.go",
        "options.go",
        "protocol_test.go",
        "serializers.go",
        "types/enums.go",
        "types/errors.go",
        "types/types.go",
        "validators.go"
    ],
    "go": "1.15",
    "module": "github.com/aws/aws-sdk-go-v2/service/codecommit",
    "unstable": false
}
