{
    "dependencies": {
        "github.com/aws/aws-sdk-go-v2": "v1.4.0",
        "github.com/aws/aws-sdk-go-v2/internal/configsources": "v0.0.0-00010101000000-000000000000",
        "github.com/aws/aws-sdk-go-v2/internal/endpoints/v2": "v2.0.0-00010101000000-000000000000",
        "github.com/aws/smithy-go": "v1.4.0",
        "github.com/google/go-cmp": "v0.5.4"
    },
    "files": [
        "api_client.go",
        "api_client_test.go",
        "api_op_AcceptInboundConnection.go",
        "api_op_AddTags.go",
        "api_op_AssociatePackage.go",
        "api_op_AuthorizeVpcEndpointAccess.go",
        "api_op_CancelServiceSoftwareUpdate.go",
        "api_op_CreateDomain.go",
        "api_op_CreateOutboundConnection.go",
        "api_op_CreatePackage.go",
        "api_op_CreateVpcEndpoint.go",
        "api_op_DeleteDomain.go",
        "api_op_DeleteInboundConnection.go",
        "api_op_DeleteOutboundConnection.go",
        "api_op_DeletePackage.go",
        "api_op_DeleteVpcEndpoint.go",
        "api_op_DescribeDomain.go",
        "api_op_DescribeDomainAutoTunes.go",
        "api_op_DescribeDomainChangeProgress.go",
        "api_op_DescribeDomainConfig.go",
        "api_op_DescribeDomainHealth.go",
        "api_op_DescribeDomainNodes.go",
        "api_op_DescribeDomains.go",
        "api_op_DescribeDryRunProgress.go",
        "api_op_DescribeInboundConnections.go",
        "api_op_DescribeInstanceTypeLimits.go",
        "api_op_DescribeOutboundConnections.go",
        "api_op_DescribePackages.go",
        "api_op_DescribeReservedInstanceOfferings.go",
        "api_op_DescribeReservedInstances.go",
        "api_op_DescribeVpcEndpoints.go",
        "api_op_DissociatePackage.go",
        "api_op_GetCompatibleVersions.go",
        "api_op_GetDomainMaintenanceStatus.go",
        "api_op_GetPackageVersionHistory.go",
        "api_op_GetUpgradeHistory.go",
        "api_op_GetUpgradeStatus.go",
        "api_op_ListDomainMaintenances.go",
        "api_op_ListDomainNames.go",
        "api_op_ListDomainsForPackage.go",
        "api_op_ListInstanceTypeDetails.go",
        "api_op_ListPackagesForDomain.go",
        "api_op_ListScheduledActions.go",
        "api_op_ListTags.go",
        "api_op_ListVersions.go",
        "api_op_ListVpcEndpointAccess.go",
        "api_op_ListVpcEndpoints.go",
        "api_op_ListVpcEndpointsForDomain.go",
        "api_op_PurchaseReservedInstanceOffering.go",
        "api_op_RejectInboundConnection.go",
        "api_op_RemoveTags.go",
        "api_op_RevokeVpcEndpointAccess.go",
        "api_op_StartDomainMaintenance.go",
        "api_op_StartServiceSoftwareUpdate.go",
        "api_op_UpdateDomainConfig.go",
        "api_op_UpdatePackage.go",
        "api_op_UpdateScheduledAction.go",
        "api_op_UpdateVpcEndpoint.go",
        "api_op_UpgradeDomain.go",
        "auth.go",
        "deserializers.go",
        "doc.go",
        "endpoints.go",
        "endpoints_config_test.go",
        "endpoints_test.go",
        "generated.json",
        "internal/endpoints/endpoints.go",
        "internal/endpoints/endpoints_test.go",
        "options.go",
        "protocol_test.go",
        "serializers.go",
        "types/enums.go",
        "types/errors.go",
        "types/types.go",
        "validators.go"
    ],
    "go": "1.15",
    "module": "github.com/aws/aws-sdk-go-v2/service/opensearch",
    "unstable": false
}
