{
    "dependencies": {
        "github.com/aws/aws-sdk-go-v2": "v1.4.0",
        "github.com/aws/aws-sdk-go-v2/internal/configsources": "v0.0.0-00010101000000-000000000000",
        "github.com/aws/aws-sdk-go-v2/internal/endpoints/v2": "v2.0.0-00010101000000-000000000000",
        "github.com/aws/smithy-go": "v1.4.0",
        "github.com/google/go-cmp": "v0.5.4"
    },
    "files": [
        "api_client.go",
        "api_client_test.go",
        "api_op_CreateDeliveryStream.go",
        "api_op_DeleteDeliveryStream.go",
        "api_op_DescribeDeliveryStream.go",
        "api_op_ListDeliveryStreams.go",
        "api_op_ListTagsForDeliveryStream.go",
        "api_op_PutRecord.go",
        "api_op_PutRecordBatch.go",
        "api_op_StartDeliveryStreamEncryption.go",
        "api_op_StopDeliveryStreamEncryption.go",
        "api_op_TagDeliveryStream.go",
        "api_op_UntagDeliveryStream.go",
        "api_op_UpdateDestination.go",
        "auth.go",
        "deserializers.go",
        "doc.go",
        "endpoints.go",
        "endpoints_config_test.go",
        "endpoints_test.go",
        "generated.json",
        "internal/endpoints/endpoints.go",
        "internal/endpoints/endpoints_test.go",
        "options.go",
        "protocol_test.go",
        "serializers.go",
        "snapshot_test.go",
        "types/enums.go",
        "types/errors.go",
        "types/types.go",
        "validators.go"
    ],
    "go": "1.15",
    "module": "github.com/aws/aws-sdk-go-v2/service/firehose",
    "unstable": false
}
