{
  "schema": "1.0",
  "comment": "This file maps proto services/RPCs to the corresponding library clients/methods.",
  "language": "go",
  "protoPackage": "google.cloud.redis.cluster.v1",
  "libraryPackage": "cloud.google.com/go/redis/cluster/apiv1",
  "services": {
    "CloudRedisCluster": {
      "clients": {
        "grpc": {
          "libraryClient": "CloudRedisClusterClient",
          "rpcs": {
            "CancelOperation": {
              "methods": [
                "CancelOperation"
              ]
            },
            "CreateCluster": {
              "methods": [
                "CreateCluster"
              ]
            },
            "DeleteCluster": {
              "methods": [
                "DeleteCluster"
              ]
            },
            "DeleteOperation": {
              "methods": [
                "DeleteOperation"
              ]
            },
            "GetCluster": {
              "methods": [
                "GetCluster"
              ]
            },
            "GetLocation": {
              "methods": [
                "GetLocation"
              ]
            },
            "GetOperation": {
              "methods": [
                "GetOperation"
              ]
            },
            "ListClusters": {
              "methods": [
                "ListClusters"
              ]
            },
            "ListLocations": {
              "methods": [
                "ListLocations"
              ]
            },
            "ListOperations": {
              "methods": [
                "ListOperations"
              ]
            },
            "UpdateCluster": {
              "methods": [
                "UpdateCluster"
              ]
            }
          }
        },
        "rest": {
          "libraryClient": "CloudRedisClusterClient",
          "rpcs": {
            "CancelOperation": {
              "methods": [
                "CancelOperation"
              ]
            },
            "CreateCluster": {
              "methods": [
                "CreateCluster"
              ]
            },
            "DeleteCluster": {
              "methods": [
                "DeleteCluster"
              ]
            },
            "DeleteOperation": {
              "methods": [
                "DeleteOperation"
              ]
            },
            "GetCluster": {
              "methods": [
                "GetCluster"
              ]
            },
            "GetLocation": {
              "methods": [
                "GetLocation"
              ]
            },
            "GetOperation": {
              "methods": [
                "GetOperation"
              ]
            },
            "ListClusters": {
              "methods": [
                "ListClusters"
              ]
            },
            "ListLocations": {
              "methods": [
                "ListLocations"
              ]
            },
            "ListOperations": {
              "methods": [
                "ListOperations"
              ]
            },
            "UpdateCluster": {
              "methods": [
                "UpdateCluster"
              ]
            }
          }
        }
      }
    }
  }
}
