{
    "dependencies": {
        "github.com/aws/aws-sdk-go-v2": "v1.4.0",
        "github.com/aws/aws-sdk-go-v2/internal/configsources": "v0.0.0-00010101000000-000000000000",
        "github.com/aws/aws-sdk-go-v2/internal/endpoints/v2": "v2.0.0-00010101000000-000000000000",
        "github.com/aws/smithy-go": "v1.4.0",
        "github.com/google/go-cmp": "v0.5.4",
        "github.com/jmespath/go-jmespath": "v0.4.0"
    },
    "files": [
        "api_client.go",
        "api_client_test.go",
        "api_op_AttachInstances.go",
        "api_op_AttachLoadBalancerTargetGroups.go",
        "api_op_AttachLoadBalancers.go",
        "api_op_AttachTrafficSources.go",
        "api_op_BatchDeleteScheduledAction.go",
        "api_op_BatchPutScheduledUpdateGroupAction.go",
        "api_op_CancelInstanceRefresh.go",
        "api_op_CompleteLifecycleAction.go",
        "api_op_CreateAutoScalingGroup.go",
        "api_op_CreateLaunchConfiguration.go",
        "api_op_CreateOrUpdateTags.go",
        "api_op_DeleteAutoScalingGroup.go",
        "api_op_DeleteLaunchConfiguration.go",
        "api_op_DeleteLifecycleHook.go",
        "api_op_DeleteNotificationConfiguration.go",
        "api_op_DeletePolicy.go",
        "api_op_DeleteScheduledAction.go",
        "api_op_DeleteTags.go",
        "api_op_DeleteWarmPool.go",
        "api_op_DescribeAccountLimits.go",
        "api_op_DescribeAdjustmentTypes.go",
        "api_op_DescribeAutoScalingGroups.go",
        "api_op_DescribeAutoScalingInstances.go",
        "api_op_DescribeAutoScalingNotificationTypes.go",
        "api_op_DescribeInstanceRefreshes.go",
        "api_op_DescribeLaunchConfigurations.go",
        "api_op_DescribeLifecycleHookTypes.go",
        "api_op_DescribeLifecycleHooks.go",
        "api_op_DescribeLoadBalancerTargetGroups.go",
        "api_op_DescribeLoadBalancers.go",
        "api_op_DescribeMetricCollectionTypes.go",
        "api_op_DescribeNotificationConfigurations.go",
        "api_op_DescribePolicies.go",
        "api_op_DescribeScalingActivities.go",
        "api_op_DescribeScalingProcessTypes.go",
        "api_op_DescribeScheduledActions.go",
        "api_op_DescribeTags.go",
        "api_op_DescribeTerminationPolicyTypes.go",
        "api_op_DescribeTrafficSources.go",
        "api_op_DescribeWarmPool.go",
        "api_op_DetachInstances.go",
        "api_op_DetachLoadBalancerTargetGroups.go",
        "api_op_DetachLoadBalancers.go",
        "api_op_DetachTrafficSources.go",
        "api_op_DisableMetricsCollection.go",
        "api_op_EnableMetricsCollection.go",
        "api_op_EnterStandby.go",
        "api_op_ExecutePolicy.go",
        "api_op_ExitStandby.go",
        "api_op_GetPredictiveScalingForecast.go",
        "api_op_PutLifecycleHook.go",
        "api_op_PutNotificationConfiguration.go",
        "api_op_PutScalingPolicy.go",
        "api_op_PutScheduledUpdateGroupAction.go",
        "api_op_PutWarmPool.go",
        "api_op_RecordLifecycleActionHeartbeat.go",
        "api_op_ResumeProcesses.go",
        "api_op_RollbackInstanceRefresh.go",
        "api_op_SetDesiredCapacity.go",
        "api_op_SetInstanceHealth.go",
        "api_op_SetInstanceProtection.go",
        "api_op_StartInstanceRefresh.go",
        "api_op_SuspendProcesses.go",
        "api_op_TerminateInstanceInAutoScalingGroup.go",
        "api_op_UpdateAutoScalingGroup.go",
        "auth.go",
        "deserializers.go",
        "doc.go",
        "endpoints.go",
        "endpoints_config_test.go",
        "endpoints_test.go",
        "generated.json",
        "internal/endpoints/endpoints.go",
        "internal/endpoints/endpoints_test.go",
        "options.go",
        "protocol_test.go",
        "serializers.go",
        "types/enums.go",
        "types/errors.go",
        "types/types.go",
        "validators.go"
    ],
    "go": "1.15",
    "module": "github.com/aws/aws-sdk-go-v2/service/autoscaling",
    "unstable": false
}
