{
    "dependencies": {
        "github.com/aws/aws-sdk-go-v2": "v1.4.0",
        "github.com/aws/aws-sdk-go-v2/internal/configsources": "v0.0.0-00010101000000-000000000000",
        "github.com/aws/aws-sdk-go-v2/internal/endpoints/v2": "v2.0.0-00010101000000-000000000000",
        "github.com/aws/smithy-go": "v1.4.0",
        "github.com/google/go-cmp": "v0.5.4",
        "github.com/jmespath/go-jmespath": "v0.4.0"
    },
    "files": [
        "api_client.go",
        "api_client_test.go",
        "api_op_CreateCapacityProvider.go",
        "api_op_CreateCluster.go",
        "api_op_CreateService.go",
        "api_op_CreateTaskSet.go",
        "api_op_DeleteAccountSetting.go",
        "api_op_DeleteAttributes.go",
        "api_op_DeleteCapacityProvider.go",
        "api_op_DeleteCluster.go",
        "api_op_DeleteService.go",
        "api_op_DeleteTaskDefinitions.go",
        "api_op_DeleteTaskSet.go",
        "api_op_DeregisterContainerInstance.go",
        "api_op_DeregisterTaskDefinition.go",
        "api_op_DescribeCapacityProviders.go",
        "api_op_DescribeClusters.go",
        "api_op_DescribeContainerInstances.go",
        "api_op_DescribeServices.go",
        "api_op_DescribeTaskDefinition.go",
        "api_op_DescribeTaskSets.go",
        "api_op_DescribeTasks.go",
        "api_op_DiscoverPollEndpoint.go",
        "api_op_ExecuteCommand.go",
        "api_op_GetTaskProtection.go",
        "api_op_ListAccountSettings.go",
        "api_op_ListAttributes.go",
        "api_op_ListClusters.go",
        "api_op_ListContainerInstances.go",
        "api_op_ListServices.go",
        "api_op_ListServicesByNamespace.go",
        "api_op_ListTagsForResource.go",
        "api_op_ListTaskDefinitionFamilies.go",
        "api_op_ListTaskDefinitions.go",
        "api_op_ListTasks.go",
        "api_op_PutAccountSetting.go",
        "api_op_PutAccountSettingDefault.go",
        "api_op_PutAttributes.go",
        "api_op_PutClusterCapacityProviders.go",
        "api_op_RegisterContainerInstance.go",
        "api_op_RegisterTaskDefinition.go",
        "api_op_RunTask.go",
        "api_op_StartTask.go",
        "api_op_StopTask.go",
        "api_op_SubmitAttachmentStateChanges.go",
        "api_op_SubmitContainerStateChange.go",
        "api_op_SubmitTaskStateChange.go",
        "api_op_TagResource.go",
        "api_op_UntagResource.go",
        "api_op_UpdateCapacityProvider.go",
        "api_op_UpdateCluster.go",
        "api_op_UpdateClusterSettings.go",
        "api_op_UpdateContainerAgent.go",
        "api_op_UpdateContainerInstancesState.go",
        "api_op_UpdateService.go",
        "api_op_UpdateServicePrimaryTaskSet.go",
        "api_op_UpdateTaskProtection.go",
        "api_op_UpdateTaskSet.go",
        "auth.go",
        "deserializers.go",
        "doc.go",
        "endpoints.go",
        "endpoints_config_test.go",
        "endpoints_test.go",
        "generated.json",
        "internal/endpoints/endpoints.go",
        "internal/endpoints/endpoints_test.go",
        "options.go",
        "protocol_test.go",
        "serializers.go",
        "types/enums.go",
        "types/errors.go",
        "types/types.go",
        "validators.go"
    ],
    "go": "1.15",
    "module": "github.com/aws/aws-sdk-go-v2/service/ecs",
    "unstable": false
}
