{
    "dependencies": {
        "github.com/aws/aws-sdk-go-v2": "v1.4.0",
        "github.com/aws/aws-sdk-go-v2/internal/configsources": "v0.0.0-00010101000000-000000000000",
        "github.com/aws/aws-sdk-go-v2/internal/endpoints/v2": "v2.0.0-00010101000000-000000000000",
        "github.com/aws/smithy-go": "v1.4.0",
        "github.com/google/go-cmp": "v0.5.4"
    },
    "files": [
        "api_client.go",
        "api_client_test.go",
        "api_op_BatchGetAggregateResourceConfig.go",
        "api_op_BatchGetResourceConfig.go",
        "api_op_DeleteAggregationAuthorization.go",
        "api_op_DeleteConfigRule.go",
        "api_op_DeleteConfigurationAggregator.go",
        "api_op_DeleteConfigurationRecorder.go",
        "api_op_DeleteConformancePack.go",
        "api_op_DeleteDeliveryChannel.go",
        "api_op_DeleteEvaluationResults.go",
        "api_op_DeleteOrganizationConfigRule.go",
        "api_op_DeleteOrganizationConformancePack.go",
        "api_op_DeletePendingAggregationRequest.go",
        "api_op_DeleteRemediationConfiguration.go",
        "api_op_DeleteRemediationExceptions.go",
        "api_op_DeleteResourceConfig.go",
        "api_op_DeleteRetentionConfiguration.go",
        "api_op_DeleteStoredQuery.go",
        "api_op_DeliverConfigSnapshot.go",
        "api_op_DescribeAggregateComplianceByConfigRules.go",
        "api_op_DescribeAggregateComplianceByConformancePacks.go",
        "api_op_DescribeAggregationAuthorizations.go",
        "api_op_DescribeComplianceByConfigRule.go",
        "api_op_DescribeComplianceByResource.go",
        "api_op_DescribeConfigRuleEvaluationStatus.go",
        "api_op_DescribeConfigRules.go",
        "api_op_DescribeConfigurationAggregatorSourcesStatus.go",
        "api_op_DescribeConfigurationAggregators.go",
        "api_op_DescribeConfigurationRecorderStatus.go",
        "api_op_DescribeConfigurationRecorders.go",
        "api_op_DescribeConformancePackCompliance.go",
        "api_op_DescribeConformancePackStatus.go",
        "api_op_DescribeConformancePacks.go",
        "api_op_DescribeDeliveryChannelStatus.go",
        "api_op_DescribeDeliveryChannels.go",
        "api_op_DescribeOrganizationConfigRuleStatuses.go",
        "api_op_DescribeOrganizationConfigRules.go",
        "api_op_DescribeOrganizationConformancePackStatuses.go",
        "api_op_DescribeOrganizationConformancePacks.go",
        "api_op_DescribePendingAggregationRequests.go",
        "api_op_DescribeRemediationConfigurations.go",
        "api_op_DescribeRemediationExceptions.go",
        "api_op_DescribeRemediationExecutionStatus.go",
        "api_op_DescribeRetentionConfigurations.go",
        "api_op_GetAggregateComplianceDetailsByConfigRule.go",
        "api_op_GetAggregateConfigRuleComplianceSummary.go",
        "api_op_GetAggregateConformancePackComplianceSummary.go",
        "api_op_GetAggregateDiscoveredResourceCounts.go",
        "api_op_GetAggregateResourceConfig.go",
        "api_op_GetComplianceDetailsByConfigRule.go",
        "api_op_GetComplianceDetailsByResource.go",
        "api_op_GetComplianceSummaryByConfigRule.go",
        "api_op_GetComplianceSummaryByResourceType.go",
        "api_op_GetConformancePackComplianceDetails.go",
        "api_op_GetConformancePackComplianceSummary.go",
        "api_op_GetCustomRulePolicy.go",
        "api_op_GetDiscoveredResourceCounts.go",
        "api_op_GetOrganizationConfigRuleDetailedStatus.go",
        "api_op_GetOrganizationConformancePackDetailedStatus.go",
        "api_op_GetOrganizationCustomRulePolicy.go",
        "api_op_GetResourceConfigHistory.go",
        "api_op_GetResourceEvaluationSummary.go",
        "api_op_GetStoredQuery.go",
        "api_op_ListAggregateDiscoveredResources.go",
        "api_op_ListConformancePackComplianceScores.go",
        "api_op_ListDiscoveredResources.go",
        "api_op_ListResourceEvaluations.go",
        "api_op_ListStoredQueries.go",
        "api_op_ListTagsForResource.go",
        "api_op_PutAggregationAuthorization.go",
        "api_op_PutConfigRule.go",
        "api_op_PutConfigurationAggregator.go",
        "api_op_PutConfigurationRecorder.go",
        "api_op_PutConformancePack.go",
        "api_op_PutDeliveryChannel.go",
        "api_op_PutEvaluations.go",
        "api_op_PutExternalEvaluation.go",
        "api_op_PutOrganizationConfigRule.go",
        "api_op_PutOrganizationConformancePack.go",
        "api_op_PutRemediationConfigurations.go",
        "api_op_PutRemediationExceptions.go",
        "api_op_PutResourceConfig.go",
        "api_op_PutRetentionConfiguration.go",
        "api_op_PutStoredQuery.go",
        "api_op_SelectAggregateResourceConfig.go",
        "api_op_SelectResourceConfig.go",
        "api_op_StartConfigRulesEvaluation.go",
        "api_op_StartConfigurationRecorder.go",
        "api_op_StartRemediationExecution.go",
        "api_op_StartResourceEvaluation.go",
        "api_op_StopConfigurationRecorder.go",
        "api_op_TagResource.go",
        "api_op_UntagResource.go",
        "auth.go",
        "deserializers.go",
        "doc.go",
        "endpoints.go",
        "endpoints_config_test.go",
        "endpoints_test.go",
        "generated.json",
        "internal/endpoints/endpoints.go",
        "internal/endpoints/endpoints_test.go",
        "options.go",
        "protocol_test.go",
        "serializers.go",
        "types/enums.go",
        "types/errors.go",
        "types/types.go",
        "validators.go"
    ],
    "go": "1.15",
    "module": "github.com/aws/aws-sdk-go-v2/service/configservice",
    "unstable": false
}
