{
    "dependencies": {
        "github.com/aws/aws-sdk-go-v2": "v1.4.0",
        "github.com/aws/aws-sdk-go-v2/internal/configsources": "v0.0.0-00010101000000-000000000000",
        "github.com/aws/aws-sdk-go-v2/internal/endpoints/v2": "v2.0.0-00010101000000-000000000000",
        "github.com/aws/smithy-go": "v1.4.0",
        "github.com/google/go-cmp": "v0.5.4"
    },
    "files": [
        "api_client.go",
        "api_client_test.go",
        "api_op_AddApplicationCloudWatchLoggingOption.go",
        "api_op_AddApplicationInput.go",
        "api_op_AddApplicationInputProcessingConfiguration.go",
        "api_op_AddApplicationOutput.go",
        "api_op_AddApplicationReferenceDataSource.go",
        "api_op_AddApplicationVpcConfiguration.go",
        "api_op_CreateApplication.go",
        "api_op_CreateApplicationPresignedUrl.go",
        "api_op_CreateApplicationSnapshot.go",
        "api_op_DeleteApplication.go",
        "api_op_DeleteApplicationCloudWatchLoggingOption.go",
        "api_op_DeleteApplicationInputProcessingConfiguration.go",
        "api_op_DeleteApplicationOutput.go",
        "api_op_DeleteApplicationReferenceDataSource.go",
        "api_op_DeleteApplicationSnapshot.go",
        "api_op_DeleteApplicationVpcConfiguration.go",
        "api_op_DescribeApplication.go",
        "api_op_DescribeApplicationSnapshot.go",
        "api_op_DescribeApplicationVersion.go",
        "api_op_DiscoverInputSchema.go",
        "api_op_ListApplicationSnapshots.go",
        "api_op_ListApplicationVersions.go",
        "api_op_ListApplications.go",
        "api_op_ListTagsForResource.go",
        "api_op_RollbackApplication.go",
        "api_op_StartApplication.go",
        "api_op_StopApplication.go",
        "api_op_TagResource.go",
        "api_op_UntagResource.go",
        "api_op_UpdateApplication.go",
        "api_op_UpdateApplicationMaintenanceConfiguration.go",
        "auth.go",
        "deserializers.go",
        "doc.go",
        "endpoints.go",
        "endpoints_config_test.go",
        "endpoints_test.go",
        "generated.json",
        "internal/endpoints/endpoints.go",
        "internal/endpoints/endpoints_test.go",
        "options.go",
        "protocol_test.go",
        "serializers.go",
        "snapshot_test.go",
        "types/enums.go",
        "types/errors.go",
        "types/types.go",
        "validators.go"
    ],
    "go": "1.15",
    "module": "github.com/aws/aws-sdk-go-v2/service/kinesisanalyticsv2",
    "unstable": false
}
