{
    "dependencies": {
        "github.com/aws/aws-sdk-go-v2": "v1.4.0",
        "github.com/aws/aws-sdk-go-v2/internal/configsources": "v0.0.0-00010101000000-000000000000",
        "github.com/aws/aws-sdk-go-v2/internal/endpoints/v2": "v2.0.0-00010101000000-000000000000",
        "github.com/aws/smithy-go": "v1.4.0",
        "github.com/google/go-cmp": "v0.5.4"
    },
    "files": [
        "api_client.go",
        "api_client_test.go",
        "api_op_BatchDeleteBuilds.go",
        "api_op_BatchGetBuildBatches.go",
        "api_op_BatchGetBuilds.go",
        "api_op_BatchGetProjects.go",
        "api_op_BatchGetReportGroups.go",
        "api_op_BatchGetReports.go",
        "api_op_CreateProject.go",
        "api_op_CreateReportGroup.go",
        "api_op_CreateWebhook.go",
        "api_op_DeleteBuildBatch.go",
        "api_op_DeleteProject.go",
        "api_op_DeleteReport.go",
        "api_op_DeleteReportGroup.go",
        "api_op_DeleteResourcePolicy.go",
        "api_op_DeleteSourceCredentials.go",
        "api_op_DeleteWebhook.go",
        "api_op_DescribeCodeCoverages.go",
        "api_op_DescribeTestCases.go",
        "api_op_GetReportGroupTrend.go",
        "api_op_GetResourcePolicy.go",
        "api_op_ImportSourceCredentials.go",
        "api_op_InvalidateProjectCache.go",
        "api_op_ListBuildBatches.go",
        "api_op_ListBuildBatchesForProject.go",
        "api_op_ListBuilds.go",
        "api_op_ListBuildsForProject.go",
        "api_op_ListCuratedEnvironmentImages.go",
        "api_op_ListProjects.go",
        "api_op_ListReportGroups.go",
        "api_op_ListReports.go",
        "api_op_ListReportsForReportGroup.go",
        "api_op_ListSharedProjects.go",
        "api_op_ListSharedReportGroups.go",
        "api_op_ListSourceCredentials.go",
        "api_op_PutResourcePolicy.go",
        "api_op_RetryBuild.go",
        "api_op_RetryBuildBatch.go",
        "api_op_StartBuild.go",
        "api_op_StartBuildBatch.go",
        "api_op_StopBuild.go",
        "api_op_StopBuildBatch.go",
        "api_op_UpdateProject.go",
        "api_op_UpdateProjectVisibility.go",
        "api_op_UpdateReportGroup.go",
        "api_op_UpdateWebhook.go",
        "auth.go",
        "deserializers.go",
        "doc.go",
        "endpoints.go",
        "endpoints_config_test.go",
        "endpoints_test.go",
        "generated.json",
        "internal/endpoints/endpoints.go",
        "internal/endpoints/endpoints_test.go",
        "options.go",
        "protocol_test.go",
        "serializers.go",
        "types/enums.go",
        "types/errors.go",
        "types/types.go",
        "validators.go"
    ],
    "go": "1.15",
    "module": "github.com/aws/aws-sdk-go-v2/service/codebuild",
    "unstable": false
}
