{
    "dependencies": {
        "github.com/aws/aws-sdk-go-v2": "v1.4.0",
        "github.com/aws/aws-sdk-go-v2/internal/configsources": "v0.0.0-00010101000000-000000000000",
        "github.com/aws/aws-sdk-go-v2/internal/endpoints/v2": "v2.0.0-00010101000000-000000000000",
        "github.com/aws/smithy-go": "v1.4.0",
        "github.com/google/go-cmp": "v0.5.4",
        "github.com/jmespath/go-jmespath": "v0.4.0"
    },
    "files": [
        "api_client.go",
        "api_client_test.go",
        "api_op_AssociateAlias.go",
        "api_op_CopyDistribution.go",
        "api_op_CreateCachePolicy.go",
        "api_op_CreateCloudFrontOriginAccessIdentity.go",
        "api_op_CreateContinuousDeploymentPolicy.go",
        "api_op_CreateDistribution.go",
        "api_op_CreateDistributionWithTags.go",
        "api_op_CreateFieldLevelEncryptionConfig.go",
        "api_op_CreateFieldLevelEncryptionProfile.go",
        "api_op_CreateFunction.go",
        "api_op_CreateInvalidation.go",
        "api_op_CreateKeyGroup.go",
        "api_op_CreateMonitoringSubscription.go",
        "api_op_CreateOriginAccessControl.go",
        "api_op_CreateOriginRequestPolicy.go",
        "api_op_CreatePublicKey.go",
        "api_op_CreateRealtimeLogConfig.go",
        "api_op_CreateResponseHeadersPolicy.go",
        "api_op_CreateStreamingDistribution.go",
        "api_op_CreateStreamingDistributionWithTags.go",
        "api_op_DeleteCachePolicy.go",
        "api_op_DeleteCloudFrontOriginAccessIdentity.go",
        "api_op_DeleteContinuousDeploymentPolicy.go",
        "api_op_DeleteDistribution.go",
        "api_op_DeleteFieldLevelEncryptionConfig.go",
        "api_op_DeleteFieldLevelEncryptionProfile.go",
        "api_op_DeleteFunction.go",
        "api_op_DeleteKeyGroup.go",
        "api_op_DeleteMonitoringSubscription.go",
        "api_op_DeleteOriginAccessControl.go",
        "api_op_DeleteOriginRequestPolicy.go",
        "api_op_DeletePublicKey.go",
        "api_op_DeleteRealtimeLogConfig.go",
        "api_op_DeleteResponseHeadersPolicy.go",
        "api_op_DeleteStreamingDistribution.go",
        "api_op_DescribeFunction.go",
        "api_op_GetCachePolicy.go",
        "api_op_GetCachePolicyConfig.go",
        "api_op_GetCloudFrontOriginAccessIdentity.go",
        "api_op_GetCloudFrontOriginAccessIdentityConfig.go",
        "api_op_GetContinuousDeploymentPolicy.go",
        "api_op_GetContinuousDeploymentPolicyConfig.go",
        "api_op_GetDistribution.go",
        "api_op_GetDistributionConfig.go",
        "api_op_GetFieldLevelEncryption.go",
        "api_op_GetFieldLevelEncryptionConfig.go",
        "api_op_GetFieldLevelEncryptionProfile.go",
        "api_op_GetFieldLevelEncryptionProfileConfig.go",
        "api_op_GetFunction.go",
        "api_op_GetInvalidation.go",
        "api_op_GetKeyGroup.go",
        "api_op_GetKeyGroupConfig.go",
        "api_op_GetMonitoringSubscription.go",
        "api_op_GetOriginAccessControl.go",
        "api_op_GetOriginAccessControlConfig.go",
        "api_op_GetOriginRequestPolicy.go",
        "api_op_GetOriginRequestPolicyConfig.go",
        "api_op_GetPublicKey.go",
        "api_op_GetPublicKeyConfig.go",
        "api_op_GetRealtimeLogConfig.go",
        "api_op_GetResponseHeadersPolicy.go",
        "api_op_GetResponseHeadersPolicyConfig.go",
        "api_op_GetStreamingDistribution.go",
        "api_op_GetStreamingDistributionConfig.go",
        "api_op_ListCachePolicies.go",
        "api_op_ListCloudFrontOriginAccessIdentities.go",
        "api_op_ListConflictingAliases.go",
        "api_op_ListContinuousDeploymentPolicies.go",
        "api_op_ListDistributions.go",
        "api_op_ListDistributionsByCachePolicyId.go",
        "api_op_ListDistributionsByKeyGroup.go",
        "api_op_ListDistributionsByOriginRequestPolicyId.go",
        "api_op_ListDistributionsByRealtimeLogConfig.go",
        "api_op_ListDistributionsByResponseHeadersPolicyId.go",
        "api_op_ListDistributionsByWebACLId.go",
        "api_op_ListFieldLevelEncryptionConfigs.go",
        "api_op_ListFieldLevelEncryptionProfiles.go",
        "api_op_ListFunctions.go",
        "api_op_ListInvalidations.go",
        "api_op_ListKeyGroups.go",
        "api_op_ListOriginAccessControls.go",
        "api_op_ListOriginRequestPolicies.go",
        "api_op_ListPublicKeys.go",
        "api_op_ListRealtimeLogConfigs.go",
        "api_op_ListResponseHeadersPolicies.go",
        "api_op_ListStreamingDistributions.go",
        "api_op_ListTagsForResource.go",
        "api_op_PublishFunction.go",
        "api_op_TagResource.go",
        "api_op_TestFunction.go",
        "api_op_UntagResource.go",
        "api_op_UpdateCachePolicy.go",
        "api_op_UpdateCloudFrontOriginAccessIdentity.go",
        "api_op_UpdateContinuousDeploymentPolicy.go",
        "api_op_UpdateDistribution.go",
        "api_op_UpdateDistributionWithStagingConfig.go",
        "api_op_UpdateFieldLevelEncryptionConfig.go",
        "api_op_UpdateFieldLevelEncryptionProfile.go",
        "api_op_UpdateFunction.go",
        "api_op_UpdateKeyGroup.go",
        "api_op_UpdateOriginAccessControl.go",
        "api_op_UpdateOriginRequestPolicy.go",
        "api_op_UpdatePublicKey.go",
        "api_op_UpdateRealtimeLogConfig.go",
        "api_op_UpdateResponseHeadersPolicy.go",
        "api_op_UpdateStreamingDistribution.go",
        "auth.go",
        "deserializers.go",
        "doc.go",
        "endpoints.go",
        "endpoints_config_test.go",
        "endpoints_test.go",
        "generated.json",
        "internal/endpoints/endpoints.go",
        "internal/endpoints/endpoints_test.go",
        "options.go",
        "protocol_test.go",
        "serializers.go",
        "types/enums.go",
        "types/errors.go",
        "types/types.go",
        "validators.go"
    ],
    "go": "1.15",
    "module": "github.com/aws/aws-sdk-go-v2/service/cloudfront",
    "unstable": false
}
