{
    "dependencies": {
        "github.com/aws/aws-sdk-go-v2": "v1.4.0",
        "github.com/aws/aws-sdk-go-v2/internal/configsources": "v0.0.0-00010101000000-000000000000",
        "github.com/aws/aws-sdk-go-v2/internal/endpoints/v2": "v2.0.0-00010101000000-000000000000",
        "github.com/aws/smithy-go": "v1.4.0",
        "github.com/google/go-cmp": "v0.5.4",
        "github.com/jmespath/go-jmespath": "v0.4.0"
    },
    "files": [
        "api_client.go",
        "api_client_test.go",
        "api_op_AddTagsToOnPremisesInstances.go",
        "api_op_BatchGetApplicationRevisions.go",
        "api_op_BatchGetApplications.go",
        "api_op_BatchGetDeploymentGroups.go",
        "api_op_BatchGetDeploymentInstances.go",
        "api_op_BatchGetDeploymentTargets.go",
        "api_op_BatchGetDeployments.go",
        "api_op_BatchGetOnPremisesInstances.go",
        "api_op_ContinueDeployment.go",
        "api_op_CreateApplication.go",
        "api_op_CreateDeployment.go",
        "api_op_CreateDeploymentConfig.go",
        "api_op_CreateDeploymentGroup.go",
        "api_op_DeleteApplication.go",
        "api_op_DeleteDeploymentConfig.go",
        "api_op_DeleteDeploymentGroup.go",
        "api_op_DeleteGitHubAccountToken.go",
        "api_op_DeleteResourcesByExternalId.go",
        "api_op_DeregisterOnPremisesInstance.go",
        "api_op_GetApplication.go",
        "api_op_GetApplicationRevision.go",
        "api_op_GetDeployment.go",
        "api_op_GetDeploymentConfig.go",
        "api_op_GetDeploymentGroup.go",
        "api_op_GetDeploymentInstance.go",
        "api_op_GetDeploymentTarget.go",
        "api_op_GetOnPremisesInstance.go",
        "api_op_ListApplicationRevisions.go",
        "api_op_ListApplications.go",
        "api_op_ListDeploymentConfigs.go",
        "api_op_ListDeploymentGroups.go",
        "api_op_ListDeploymentInstances.go",
        "api_op_ListDeploymentTargets.go",
        "api_op_ListDeployments.go",
        "api_op_ListGitHubAccountTokenNames.go",
        "api_op_ListOnPremisesInstances.go",
        "api_op_ListTagsForResource.go",
        "api_op_PutLifecycleEventHookExecutionStatus.go",
        "api_op_RegisterApplicationRevision.go",
        "api_op_RegisterOnPremisesInstance.go",
        "api_op_RemoveTagsFromOnPremisesInstances.go",
        "api_op_SkipWaitTimeForInstanceTermination.go",
        "api_op_StopDeployment.go",
        "api_op_TagResource.go",
        "api_op_UntagResource.go",
        "api_op_UpdateApplication.go",
        "api_op_UpdateDeploymentGroup.go",
        "auth.go",
        "deserializers.go",
        "doc.go",
        "endpoints.go",
        "endpoints_config_test.go",
        "endpoints_test.go",
        "generated.json",
        "internal/endpoints/endpoints.go",
        "internal/endpoints/endpoints_test.go",
        "options.go",
        "protocol_test.go",
        "serializers.go",
        "types/enums.go",
        "types/errors.go",
        "types/types.go",
        "validators.go"
    ],
    "go": "1.15",
    "module": "github.com/aws/aws-sdk-go-v2/service/codedeploy",
    "unstable": false
}
