{
    "dependencies": {
        "github.com/aws/aws-sdk-go-v2": "v1.4.0",
        "github.com/aws/aws-sdk-go-v2/internal/configsources": "v0.0.0-00010101000000-000000000000",
        "github.com/aws/aws-sdk-go-v2/internal/endpoints/v2": "v2.0.0-00010101000000-000000000000",
        "github.com/aws/smithy-go": "v1.4.0",
        "github.com/google/go-cmp": "v0.5.4"
    },
    "files": [
        "api_client.go",
        "api_client_test.go",
        "api_op_CancelKeyDeletion.go",
        "api_op_ConnectCustomKeyStore.go",
        "api_op_CreateAlias.go",
        "api_op_CreateCustomKeyStore.go",
        "api_op_CreateGrant.go",
        "api_op_CreateKey.go",
        "api_op_Decrypt.go",
        "api_op_DeleteAlias.go",
        "api_op_DeleteCustomKeyStore.go",
        "api_op_DeleteImportedKeyMaterial.go",
        "api_op_DescribeCustomKeyStores.go",
        "api_op_DescribeKey.go",
        "api_op_DisableKey.go",
        "api_op_DisableKeyRotation.go",
        "api_op_DisconnectCustomKeyStore.go",
        "api_op_EnableKey.go",
        "api_op_EnableKeyRotation.go",
        "api_op_Encrypt.go",
        "api_op_GenerateDataKey.go",
        "api_op_GenerateDataKeyPair.go",
        "api_op_GenerateDataKeyPairWithoutPlaintext.go",
        "api_op_GenerateDataKeyWithoutPlaintext.go",
        "api_op_GenerateMac.go",
        "api_op_GenerateRandom.go",
        "api_op_GetKeyPolicy.go",
        "api_op_GetKeyRotationStatus.go",
        "api_op_GetParametersForImport.go",
        "api_op_GetPublicKey.go",
        "api_op_ImportKeyMaterial.go",
        "api_op_ListAliases.go",
        "api_op_ListGrants.go",
        "api_op_ListKeyPolicies.go",
        "api_op_ListKeys.go",
        "api_op_ListResourceTags.go",
        "api_op_ListRetirableGrants.go",
        "api_op_PutKeyPolicy.go",
        "api_op_ReEncrypt.go",
        "api_op_ReplicateKey.go",
        "api_op_RetireGrant.go",
        "api_op_RevokeGrant.go",
        "api_op_ScheduleKeyDeletion.go",
        "api_op_Sign.go",
        "api_op_TagResource.go",
        "api_op_UntagResource.go",
        "api_op_UpdateAlias.go",
        "api_op_UpdateCustomKeyStore.go",
        "api_op_UpdateKeyDescription.go",
        "api_op_UpdatePrimaryRegion.go",
        "api_op_Verify.go",
        "api_op_VerifyMac.go",
        "auth.go",
        "deserializers.go",
        "doc.go",
        "endpoints.go",
        "endpoints_config_test.go",
        "endpoints_test.go",
        "generated.json",
        "internal/endpoints/endpoints.go",
        "internal/endpoints/endpoints_test.go",
        "options.go",
        "protocol_test.go",
        "serializers.go",
        "types/enums.go",
        "types/errors.go",
        "types/types.go",
        "validators.go"
    ],
    "go": "1.15",
    "module": "github.com/aws/aws-sdk-go-v2/service/kms",
    "unstable": false
}
