{
    "dependencies": {
        "github.com/aws/aws-sdk-go-v2": "v1.4.0",
        "github.com/aws/aws-sdk-go-v2/internal/configsources": "v0.0.0-00010101000000-000000000000",
        "github.com/aws/aws-sdk-go-v2/internal/endpoints/v2": "v2.0.0-00010101000000-000000000000",
        "github.com/aws/smithy-go": "v1.4.0",
        "github.com/google/go-cmp": "v0.5.4",
        "github.com/jmespath/go-jmespath": "v0.4.0"
    },
    "files": [
        "api_client.go",
        "api_client_test.go",
        "api_op_AssociateEncryptionConfig.go",
        "api_op_AssociateIdentityProviderConfig.go",
        "api_op_CreateAddon.go",
        "api_op_CreateCluster.go",
        "api_op_CreateEksAnywhereSubscription.go",
        "api_op_CreateFargateProfile.go",
        "api_op_CreateNodegroup.go",
        "api_op_DeleteAddon.go",
        "api_op_DeleteCluster.go",
        "api_op_DeleteEksAnywhereSubscription.go",
        "api_op_DeleteFargateProfile.go",
        "api_op_DeleteNodegroup.go",
        "api_op_DeregisterCluster.go",
        "api_op_DescribeAddon.go",
        "api_op_DescribeAddonConfiguration.go",
        "api_op_DescribeAddonVersions.go",
        "api_op_DescribeCluster.go",
        "api_op_DescribeEksAnywhereSubscription.go",
        "api_op_DescribeFargateProfile.go",
        "api_op_DescribeIdentityProviderConfig.go",
        "api_op_DescribeNodegroup.go",
        "api_op_DescribeUpdate.go",
        "api_op_DisassociateIdentityProviderConfig.go",
        "api_op_ListAddons.go",
        "api_op_ListClusters.go",
        "api_op_ListEksAnywhereSubscriptions.go",
        "api_op_ListFargateProfiles.go",
        "api_op_ListIdentityProviderConfigs.go",
        "api_op_ListNodegroups.go",
        "api_op_ListTagsForResource.go",
        "api_op_ListUpdates.go",
        "api_op_RegisterCluster.go",
        "api_op_TagResource.go",
        "api_op_UntagResource.go",
        "api_op_UpdateAddon.go",
        "api_op_UpdateClusterConfig.go",
        "api_op_UpdateClusterVersion.go",
        "api_op_UpdateEksAnywhereSubscription.go",
        "api_op_UpdateNodegroupConfig.go",
        "api_op_UpdateNodegroupVersion.go",
        "auth.go",
        "deserializers.go",
        "doc.go",
        "endpoints.go",
        "endpoints_config_test.go",
        "endpoints_test.go",
        "generated.json",
        "internal/endpoints/endpoints.go",
        "internal/endpoints/endpoints_test.go",
        "options.go",
        "protocol_test.go",
        "serializers.go",
        "types/enums.go",
        "types/errors.go",
        "types/types.go",
        "validators.go"
    ],
    "go": "1.15",
    "module": "github.com/aws/aws-sdk-go-v2/service/eks",
    "unstable": false
}
