{
    "dependencies": {
        "github.com/aws/aws-sdk-go-v2": "v1.4.0",
        "github.com/aws/aws-sdk-go-v2/internal/configsources": "v0.0.0-00010101000000-000000000000",
        "github.com/aws/aws-sdk-go-v2/internal/endpoints/v2": "v2.0.0-00010101000000-000000000000",
        "github.com/aws/smithy-go": "v1.4.0",
        "github.com/google/go-cmp": "v0.5.4"
    },
    "files": [
        "api_client.go",
        "api_client_test.go",
        "api_op_CreateAnomalyMonitor.go",
        "api_op_CreateAnomalySubscription.go",
        "api_op_CreateCostCategoryDefinition.go",
        "api_op_DeleteAnomalyMonitor.go",
        "api_op_DeleteAnomalySubscription.go",
        "api_op_DeleteCostCategoryDefinition.go",
        "api_op_DescribeCostCategoryDefinition.go",
        "api_op_GetAnomalies.go",
        "api_op_GetAnomalyMonitors.go",
        "api_op_GetAnomalySubscriptions.go",
        "api_op_GetCostAndUsage.go",
        "api_op_GetCostAndUsageWithResources.go",
        "api_op_GetCostCategories.go",
        "api_op_GetCostForecast.go",
        "api_op_GetDimensionValues.go",
        "api_op_GetReservationCoverage.go",
        "api_op_GetReservationPurchaseRecommendation.go",
        "api_op_GetReservationUtilization.go",
        "api_op_GetRightsizingRecommendation.go",
        "api_op_GetSavingsPlanPurchaseRecommendationDetails.go",
        "api_op_GetSavingsPlansCoverage.go",
        "api_op_GetSavingsPlansPurchaseRecommendation.go",
        "api_op_GetSavingsPlansUtilization.go",
        "api_op_GetSavingsPlansUtilizationDetails.go",
        "api_op_GetTags.go",
        "api_op_GetUsageForecast.go",
        "api_op_ListCostAllocationTags.go",
        "api_op_ListCostCategoryDefinitions.go",
        "api_op_ListSavingsPlansPurchaseRecommendationGeneration.go",
        "api_op_ListTagsForResource.go",
        "api_op_ProvideAnomalyFeedback.go",
        "api_op_StartSavingsPlansPurchaseRecommendationGeneration.go",
        "api_op_TagResource.go",
        "api_op_UntagResource.go",
        "api_op_UpdateAnomalyMonitor.go",
        "api_op_UpdateAnomalySubscription.go",
        "api_op_UpdateCostAllocationTagsStatus.go",
        "api_op_UpdateCostCategoryDefinition.go",
        "auth.go",
        "deserializers.go",
        "doc.go",
        "endpoints.go",
        "endpoints_config_test.go",
        "endpoints_test.go",
        "generated.json",
        "internal/endpoints/endpoints.go",
        "internal/endpoints/endpoints_test.go",
        "options.go",
        "protocol_test.go",
        "serializers.go",
        "types/enums.go",
        "types/errors.go",
        "types/types.go",
        "validators.go"
    ],
    "go": "1.15",
    "module": "github.com/aws/aws-sdk-go-v2/service/costexplorer",
    "unstable": false
}
