{
    "dependencies": {
        "github.com/aws/aws-sdk-go-v2": "v1.4.0",
        "github.com/aws/aws-sdk-go-v2/internal/configsources": "v0.0.0-00010101000000-000000000000",
        "github.com/aws/aws-sdk-go-v2/internal/endpoints/v2": "v2.0.0-00010101000000-000000000000",
        "github.com/aws/smithy-go": "v1.4.0",
        "github.com/google/go-cmp": "v0.5.4"
    },
    "files": [
        "api_client.go",
        "api_client_test.go",
        "api_op_BatchAssociateScramSecret.go",
        "api_op_BatchDisassociateScramSecret.go",
        "api_op_CreateCluster.go",
        "api_op_CreateClusterV2.go",
        "api_op_CreateConfiguration.go",
        "api_op_CreateReplicator.go",
        "api_op_CreateVpcConnection.go",
        "api_op_DeleteCluster.go",
        "api_op_DeleteClusterPolicy.go",
        "api_op_DeleteConfiguration.go",
        "api_op_DeleteReplicator.go",
        "api_op_DeleteVpcConnection.go",
        "api_op_DescribeCluster.go",
        "api_op_DescribeClusterOperation.go",
        "api_op_DescribeClusterOperationV2.go",
        "api_op_DescribeClusterV2.go",
        "api_op_DescribeConfiguration.go",
        "api_op_DescribeConfigurationRevision.go",
        "api_op_DescribeReplicator.go",
        "api_op_DescribeVpcConnection.go",
        "api_op_GetBootstrapBrokers.go",
        "api_op_GetClusterPolicy.go",
        "api_op_GetCompatibleKafkaVersions.go",
        "api_op_ListClientVpcConnections.go",
        "api_op_ListClusterOperations.go",
        "api_op_ListClusterOperationsV2.go",
        "api_op_ListClusters.go",
        "api_op_ListClustersV2.go",
        "api_op_ListConfigurationRevisions.go",
        "api_op_ListConfigurations.go",
        "api_op_ListKafkaVersions.go",
        "api_op_ListNodes.go",
        "api_op_ListReplicators.go",
        "api_op_ListScramSecrets.go",
        "api_op_ListTagsForResource.go",
        "api_op_ListVpcConnections.go",
        "api_op_PutClusterPolicy.go",
        "api_op_RebootBroker.go",
        "api_op_RejectClientVpcConnection.go",
        "api_op_TagResource.go",
        "api_op_UntagResource.go",
        "api_op_UpdateBrokerCount.go",
        "api_op_UpdateBrokerStorage.go",
        "api_op_UpdateBrokerType.go",
        "api_op_UpdateClusterConfiguration.go",
        "api_op_UpdateClusterKafkaVersion.go",
        "api_op_UpdateConfiguration.go",
        "api_op_UpdateConnectivity.go",
        "api_op_UpdateMonitoring.go",
        "api_op_UpdateReplicationInfo.go",
        "api_op_UpdateSecurity.go",
        "api_op_UpdateStorage.go",
        "auth.go",
        "deserializers.go",
        "doc.go",
        "endpoints.go",
        "endpoints_config_test.go",
        "endpoints_test.go",
        "generated.json",
        "internal/endpoints/endpoints.go",
        "internal/endpoints/endpoints_test.go",
        "options.go",
        "protocol_test.go",
        "serializers.go",
        "snapshot_test.go",
        "types/enums.go",
        "types/errors.go",
        "types/types.go",
        "validators.go"
    ],
    "go": "1.15",
    "module": "github.com/aws/aws-sdk-go-v2/service/kafka",
    "unstable": false
}
