{
    "dependencies": {
        "github.com/aws/aws-sdk-go-v2": "v1.4.0",
        "github.com/aws/aws-sdk-go-v2/internal/configsources": "v0.0.0-00010101000000-000000000000",
        "github.com/aws/aws-sdk-go-v2/internal/endpoints/v2": "v2.0.0-00010101000000-000000000000",
        "github.com/aws/smithy-go": "v1.4.0",
        "github.com/google/go-cmp": "v0.5.4"
    },
    "files": [
        "api_client.go",
        "api_client_test.go",
        "api_op_AcceptPortfolioShare.go",
        "api_op_AssociateBudgetWithResource.go",
        "api_op_AssociatePrincipalWithPortfolio.go",
        "api_op_AssociateProductWithPortfolio.go",
        "api_op_AssociateServiceActionWithProvisioningArtifact.go",
        "api_op_AssociateTagOptionWithResource.go",
        "api_op_BatchAssociateServiceActionWithProvisioningArtifact.go",
        "api_op_BatchDisassociateServiceActionFromProvisioningArtifact.go",
        "api_op_CopyProduct.go",
        "api_op_CreateConstraint.go",
        "api_op_CreatePortfolio.go",
        "api_op_CreatePortfolioShare.go",
        "api_op_CreateProduct.go",
        "api_op_CreateProvisionedProductPlan.go",
        "api_op_CreateProvisioningArtifact.go",
        "api_op_CreateServiceAction.go",
        "api_op_CreateTagOption.go",
        "api_op_DeleteConstraint.go",
        "api_op_DeletePortfolio.go",
        "api_op_DeletePortfolioShare.go",
        "api_op_DeleteProduct.go",
        "api_op_DeleteProvisionedProductPlan.go",
        "api_op_DeleteProvisioningArtifact.go",
        "api_op_DeleteServiceAction.go",
        "api_op_DeleteTagOption.go",
        "api_op_DescribeConstraint.go",
        "api_op_DescribeCopyProductStatus.go",
        "api_op_DescribePortfolio.go",
        "api_op_DescribePortfolioShareStatus.go",
        "api_op_DescribePortfolioShares.go",
        "api_op_DescribeProduct.go",
        "api_op_DescribeProductAsAdmin.go",
        "api_op_DescribeProductView.go",
        "api_op_DescribeProvisionedProduct.go",
        "api_op_DescribeProvisionedProductPlan.go",
        "api_op_DescribeProvisioningArtifact.go",
        "api_op_DescribeProvisioningParameters.go",
        "api_op_DescribeRecord.go",
        "api_op_DescribeServiceAction.go",
        "api_op_DescribeServiceActionExecutionParameters.go",
        "api_op_DescribeTagOption.go",
        "api_op_DisableAWSOrganizationsAccess.go",
        "api_op_DisassociateBudgetFromResource.go",
        "api_op_DisassociatePrincipalFromPortfolio.go",
        "api_op_DisassociateProductFromPortfolio.go",
        "api_op_DisassociateServiceActionFromProvisioningArtifact.go",
        "api_op_DisassociateTagOptionFromResource.go",
        "api_op_EnableAWSOrganizationsAccess.go",
        "api_op_ExecuteProvisionedProductPlan.go",
        "api_op_ExecuteProvisionedProductServiceAction.go",
        "api_op_GetAWSOrganizationsAccessStatus.go",
        "api_op_GetProvisionedProductOutputs.go",
        "api_op_ImportAsProvisionedProduct.go",
        "api_op_ListAcceptedPortfolioShares.go",
        "api_op_ListBudgetsForResource.go",
        "api_op_ListConstraintsForPortfolio.go",
        "api_op_ListLaunchPaths.go",
        "api_op_ListOrganizationPortfolioAccess.go",
        "api_op_ListPortfolioAccess.go",
        "api_op_ListPortfolios.go",
        "api_op_ListPortfoliosForProduct.go",
        "api_op_ListPrincipalsForPortfolio.go",
        "api_op_ListProvisionedProductPlans.go",
        "api_op_ListProvisioningArtifacts.go",
        "api_op_ListProvisioningArtifactsForServiceAction.go",
        "api_op_ListRecordHistory.go",
        "api_op_ListResourcesForTagOption.go",
        "api_op_ListServiceActions.go",
        "api_op_ListServiceActionsForProvisioningArtifact.go",
        "api_op_ListStackInstancesForProvisionedProduct.go",
        "api_op_ListTagOptions.go",
        "api_op_NotifyProvisionProductEngineWorkflowResult.go",
        "api_op_NotifyTerminateProvisionedProductEngineWorkflowResult.go",
        "api_op_NotifyUpdateProvisionedProductEngineWorkflowResult.go",
        "api_op_ProvisionProduct.go",
        "api_op_RejectPortfolioShare.go",
        "api_op_ScanProvisionedProducts.go",
        "api_op_SearchProducts.go",
        "api_op_SearchProductsAsAdmin.go",
        "api_op_SearchProvisionedProducts.go",
        "api_op_TerminateProvisionedProduct.go",
        "api_op_UpdateConstraint.go",
        "api_op_UpdatePortfolio.go",
        "api_op_UpdatePortfolioShare.go",
        "api_op_UpdateProduct.go",
        "api_op_UpdateProvisionedProduct.go",
        "api_op_UpdateProvisionedProductProperties.go",
        "api_op_UpdateProvisioningArtifact.go",
        "api_op_UpdateServiceAction.go",
        "api_op_UpdateTagOption.go",
        "auth.go",
        "deserializers.go",
        "doc.go",
        "endpoints.go",
        "endpoints_config_test.go",
        "endpoints_test.go",
        "generated.json",
        "internal/endpoints/endpoints.go",
        "internal/endpoints/endpoints_test.go",
        "options.go",
        "protocol_test.go",
        "serializers.go",
        "types/enums.go",
        "types/errors.go",
        "types/types.go",
        "validators.go"
    ],
    "go": "1.15",
    "module": "github.com/aws/aws-sdk-go-v2/service/servicecatalog",
    "unstable": false
}
