{
    "dependencies": {
        "github.com/aws/aws-sdk-go-v2": "v1.4.0",
        "github.com/aws/aws-sdk-go-v2/internal/configsources": "v0.0.0-00010101000000-000000000000",
        "github.com/aws/aws-sdk-go-v2/internal/endpoints/v2": "v2.0.0-00010101000000-000000000000",
        "github.com/aws/smithy-go": "v1.4.0",
        "github.com/google/go-cmp": "v0.5.4"
    },
    "files": [
        "api_client.go",
        "api_client_test.go",
        "api_op_CreateAccessPoint.go",
        "api_op_CreateFileSystem.go",
        "api_op_CreateMountTarget.go",
        "api_op_CreateReplicationConfiguration.go",
        "api_op_CreateTags.go",
        "api_op_DeleteAccessPoint.go",
        "api_op_DeleteFileSystem.go",
        "api_op_DeleteFileSystemPolicy.go",
        "api_op_DeleteMountTarget.go",
        "api_op_DeleteReplicationConfiguration.go",
        "api_op_DeleteTags.go",
        "api_op_DescribeAccessPoints.go",
        "api_op_DescribeAccountPreferences.go",
        "api_op_DescribeBackupPolicy.go",
        "api_op_DescribeFileSystemPolicy.go",
        "api_op_DescribeFileSystems.go",
        "api_op_DescribeLifecycleConfiguration.go",
        "api_op_DescribeMountTargetSecurityGroups.go",
        "api_op_DescribeMountTargets.go",
        "api_op_DescribeReplicationConfigurations.go",
        "api_op_DescribeTags.go",
        "api_op_ListTagsForResource.go",
        "api_op_ModifyMountTargetSecurityGroups.go",
        "api_op_PutAccountPreferences.go",
        "api_op_PutBackupPolicy.go",
        "api_op_PutFileSystemPolicy.go",
        "api_op_PutLifecycleConfiguration.go",
        "api_op_TagResource.go",
        "api_op_UntagResource.go",
        "api_op_UpdateFileSystem.go",
        "auth.go",
        "deserializers.go",
        "doc.go",
        "endpoints.go",
        "endpoints_config_test.go",
        "endpoints_test.go",
        "generated.json",
        "internal/endpoints/endpoints.go",
        "internal/endpoints/endpoints_test.go",
        "options.go",
        "protocol_test.go",
        "serializers.go",
        "types/enums.go",
        "types/errors.go",
        "types/types.go",
        "validators.go"
    ],
    "go": "1.15",
    "module": "github.com/aws/aws-sdk-go-v2/service/efs",
    "unstable": false
}
