{
    "dependencies": {
        "github.com/aws/aws-sdk-go-v2": "v1.4.0",
        "github.com/aws/aws-sdk-go-v2/internal/configsources": "v0.0.0-00010101000000-000000000000",
        "github.com/aws/aws-sdk-go-v2/internal/endpoints/v2": "v2.0.0-00010101000000-000000000000",
        "github.com/aws/smithy-go": "v1.4.0",
        "github.com/google/go-cmp": "v0.5.4"
    },
    "files": [
        "api_client.go",
        "api_client_test.go",
        "api_op_AddTags.go",
        "api_op_CancelQuery.go",
        "api_op_CreateChannel.go",
        "api_op_CreateEventDataStore.go",
        "api_op_CreateTrail.go",
        "api_op_DeleteChannel.go",
        "api_op_DeleteEventDataStore.go",
        "api_op_DeleteResourcePolicy.go",
        "api_op_DeleteTrail.go",
        "api_op_DeregisterOrganizationDelegatedAdmin.go",
        "api_op_DescribeQuery.go",
        "api_op_DescribeTrails.go",
        "api_op_DisableFederation.go",
        "api_op_EnableFederation.go",
        "api_op_GetChannel.go",
        "api_op_GetEventDataStore.go",
        "api_op_GetEventSelectors.go",
        "api_op_GetImport.go",
        "api_op_GetInsightSelectors.go",
        "api_op_GetQueryResults.go",
        "api_op_GetResourcePolicy.go",
        "api_op_GetTrail.go",
        "api_op_GetTrailStatus.go",
        "api_op_ListChannels.go",
        "api_op_ListEventDataStores.go",
        "api_op_ListImportFailures.go",
        "api_op_ListImports.go",
        "api_op_ListInsightsMetricData.go",
        "api_op_ListPublicKeys.go",
        "api_op_ListQueries.go",
        "api_op_ListTags.go",
        "api_op_ListTrails.go",
        "api_op_LookupEvents.go",
        "api_op_PutEventSelectors.go",
        "api_op_PutInsightSelectors.go",
        "api_op_PutResourcePolicy.go",
        "api_op_RegisterOrganizationDelegatedAdmin.go",
        "api_op_RemoveTags.go",
        "api_op_RestoreEventDataStore.go",
        "api_op_StartEventDataStoreIngestion.go",
        "api_op_StartImport.go",
        "api_op_StartLogging.go",
        "api_op_StartQuery.go",
        "api_op_StopEventDataStoreIngestion.go",
        "api_op_StopImport.go",
        "api_op_StopLogging.go",
        "api_op_UpdateChannel.go",
        "api_op_UpdateEventDataStore.go",
        "api_op_UpdateTrail.go",
        "auth.go",
        "deserializers.go",
        "doc.go",
        "endpoints.go",
        "endpoints_config_test.go",
        "endpoints_test.go",
        "generated.json",
        "internal/endpoints/endpoints.go",
        "internal/endpoints/endpoints_test.go",
        "options.go",
        "protocol_test.go",
        "serializers.go",
        "snapshot_test.go",
        "types/enums.go",
        "types/errors.go",
        "types/types.go",
        "validators.go"
    ],
    "go": "1.15",
    "module": "github.com/aws/aws-sdk-go-v2/service/cloudtrail",
    "unstable": false
}
