{
    "dependencies": {
        "github.com/aws/aws-sdk-go-v2": "v1.4.0",
        "github.com/aws/aws-sdk-go-v2/internal/configsources": "v0.0.0-00010101000000-000000000000",
        "github.com/aws/aws-sdk-go-v2/internal/endpoints/v2": "v2.0.0-00010101000000-000000000000",
        "github.com/aws/smithy-go": "v1.4.0",
        "github.com/google/go-cmp": "v0.5.4"
    },
    "files": [
        "api_client.go",
        "api_client_test.go",
        "api_op_AddStorageSystem.go",
        "api_op_CancelTaskExecution.go",
        "api_op_CreateAgent.go",
        "api_op_CreateLocationAzureBlob.go",
        "api_op_CreateLocationEfs.go",
        "api_op_CreateLocationFsxLustre.go",
        "api_op_CreateLocationFsxOntap.go",
        "api_op_CreateLocationFsxOpenZfs.go",
        "api_op_CreateLocationFsxWindows.go",
        "api_op_CreateLocationHdfs.go",
        "api_op_CreateLocationNfs.go",
        "api_op_CreateLocationObjectStorage.go",
        "api_op_CreateLocationS3.go",
        "api_op_CreateLocationSmb.go",
        "api_op_CreateTask.go",
        "api_op_DeleteAgent.go",
        "api_op_DeleteLocation.go",
        "api_op_DeleteTask.go",
        "api_op_DescribeAgent.go",
        "api_op_DescribeDiscoveryJob.go",
        "api_op_DescribeLocationAzureBlob.go",
        "api_op_DescribeLocationEfs.go",
        "api_op_DescribeLocationFsxLustre.go",
        "api_op_DescribeLocationFsxOntap.go",
        "api_op_DescribeLocationFsxOpenZfs.go",
        "api_op_DescribeLocationFsxWindows.go",
        "api_op_DescribeLocationHdfs.go",
        "api_op_DescribeLocationNfs.go",
        "api_op_DescribeLocationObjectStorage.go",
        "api_op_DescribeLocationS3.go",
        "api_op_DescribeLocationSmb.go",
        "api_op_DescribeStorageSystem.go",
        "api_op_DescribeStorageSystemResourceMetrics.go",
        "api_op_DescribeStorageSystemResources.go",
        "api_op_DescribeTask.go",
        "api_op_DescribeTaskExecution.go",
        "api_op_GenerateRecommendations.go",
        "api_op_ListAgents.go",
        "api_op_ListDiscoveryJobs.go",
        "api_op_ListLocations.go",
        "api_op_ListStorageSystems.go",
        "api_op_ListTagsForResource.go",
        "api_op_ListTaskExecutions.go",
        "api_op_ListTasks.go",
        "api_op_RemoveStorageSystem.go",
        "api_op_StartDiscoveryJob.go",
        "api_op_StartTaskExecution.go",
        "api_op_StopDiscoveryJob.go",
        "api_op_TagResource.go",
        "api_op_UntagResource.go",
        "api_op_UpdateAgent.go",
        "api_op_UpdateDiscoveryJob.go",
        "api_op_UpdateLocationAzureBlob.go",
        "api_op_UpdateLocationHdfs.go",
        "api_op_UpdateLocationNfs.go",
        "api_op_UpdateLocationObjectStorage.go",
        "api_op_UpdateLocationSmb.go",
        "api_op_UpdateStorageSystem.go",
        "api_op_UpdateTask.go",
        "api_op_UpdateTaskExecution.go",
        "auth.go",
        "deserializers.go",
        "doc.go",
        "endpoints.go",
        "endpoints_config_test.go",
        "endpoints_test.go",
        "generated.json",
        "internal/endpoints/endpoints.go",
        "internal/endpoints/endpoints_test.go",
        "options.go",
        "protocol_test.go",
        "serializers.go",
        "snapshot_test.go",
        "types/enums.go",
        "types/errors.go",
        "types/types.go",
        "validators.go"
    ],
    "go": "1.15",
    "module": "github.com/aws/aws-sdk-go-v2/service/datasync",
    "unstable": false
}
