{
    "dependencies": {
        "github.com/aws/aws-sdk-go-v2": "v1.4.0",
        "github.com/aws/aws-sdk-go-v2/internal/configsources": "v0.0.0-00010101000000-000000000000",
        "github.com/aws/aws-sdk-go-v2/internal/endpoints/v2": "v2.0.0-00010101000000-000000000000",
        "github.com/aws/smithy-go": "v1.4.0",
        "github.com/google/go-cmp": "v0.5.4"
    },
    "files": [
        "api_client.go",
        "api_client_test.go",
        "api_op_AssociateKmsKey.go",
        "api_op_CancelExportTask.go",
        "api_op_CreateDelivery.go",
        "api_op_CreateExportTask.go",
        "api_op_CreateLogGroup.go",
        "api_op_CreateLogStream.go",
        "api_op_DeleteAccountPolicy.go",
        "api_op_DeleteDataProtectionPolicy.go",
        "api_op_DeleteDelivery.go",
        "api_op_DeleteDeliveryDestination.go",
        "api_op_DeleteDeliveryDestinationPolicy.go",
        "api_op_DeleteDeliverySource.go",
        "api_op_DeleteDestination.go",
        "api_op_DeleteLogGroup.go",
        "api_op_DeleteLogStream.go",
        "api_op_DeleteMetricFilter.go",
        "api_op_DeleteQueryDefinition.go",
        "api_op_DeleteResourcePolicy.go",
        "api_op_DeleteRetentionPolicy.go",
        "api_op_DeleteSubscriptionFilter.go",
        "api_op_DescribeAccountPolicies.go",
        "api_op_DescribeDeliveries.go",
        "api_op_DescribeDeliveryDestinations.go",
        "api_op_DescribeDeliverySources.go",
        "api_op_DescribeDestinations.go",
        "api_op_DescribeExportTasks.go",
        "api_op_DescribeLogGroups.go",
        "api_op_DescribeLogStreams.go",
        "api_op_DescribeMetricFilters.go",
        "api_op_DescribeQueries.go",
        "api_op_DescribeQueryDefinitions.go",
        "api_op_DescribeResourcePolicies.go",
        "api_op_DescribeSubscriptionFilters.go",
        "api_op_DisassociateKmsKey.go",
        "api_op_FilterLogEvents.go",
        "api_op_GetDataProtectionPolicy.go",
        "api_op_GetDelivery.go",
        "api_op_GetDeliveryDestination.go",
        "api_op_GetDeliveryDestinationPolicy.go",
        "api_op_GetDeliverySource.go",
        "api_op_GetLogEvents.go",
        "api_op_GetLogGroupFields.go",
        "api_op_GetLogRecord.go",
        "api_op_GetQueryResults.go",
        "api_op_ListTagsForResource.go",
        "api_op_ListTagsLogGroup.go",
        "api_op_PutAccountPolicy.go",
        "api_op_PutDataProtectionPolicy.go",
        "api_op_PutDeliveryDestination.go",
        "api_op_PutDeliveryDestinationPolicy.go",
        "api_op_PutDeliverySource.go",
        "api_op_PutDestination.go",
        "api_op_PutDestinationPolicy.go",
        "api_op_PutLogEvents.go",
        "api_op_PutMetricFilter.go",
        "api_op_PutQueryDefinition.go",
        "api_op_PutResourcePolicy.go",
        "api_op_PutRetentionPolicy.go",
        "api_op_PutSubscriptionFilter.go",
        "api_op_StartQuery.go",
        "api_op_StopQuery.go",
        "api_op_TagLogGroup.go",
        "api_op_TagResource.go",
        "api_op_TestMetricFilter.go",
        "api_op_UntagLogGroup.go",
        "api_op_UntagResource.go",
        "auth.go",
        "deserializers.go",
        "doc.go",
        "endpoints.go",
        "endpoints_config_test.go",
        "endpoints_test.go",
        "generated.json",
        "internal/endpoints/endpoints.go",
        "internal/endpoints/endpoints_test.go",
        "options.go",
        "protocol_test.go",
        "serializers.go",
        "types/enums.go",
        "types/errors.go",
        "types/types.go",
        "validators.go"
    ],
    "go": "1.15",
    "module": "github.com/aws/aws-sdk-go-v2/service/cloudwatchlogs",
    "unstable": false
}
