{
    "dependencies": {
        "github.com/aws/aws-sdk-go-v2": "v1.4.0",
        "github.com/aws/aws-sdk-go-v2/internal/configsources": "v0.0.0-00010101000000-000000000000",
        "github.com/aws/aws-sdk-go-v2/internal/endpoints/v2": "v2.0.0-00010101000000-000000000000",
        "github.com/aws/smithy-go": "v1.4.0",
        "github.com/google/go-cmp": "v0.5.4",
        "github.com/jmespath/go-jmespath": "v0.4.0"
    },
    "files": [
        "api_client.go",
        "api_client_test.go",
        "api_op_AddListenerCertificates.go",
        "api_op_AddTags.go",
        "api_op_CreateListener.go",
        "api_op_CreateLoadBalancer.go",
        "api_op_CreateRule.go",
        "api_op_CreateTargetGroup.go",
        "api_op_DeleteListener.go",
        "api_op_DeleteLoadBalancer.go",
        "api_op_DeleteRule.go",
        "api_op_DeleteTargetGroup.go",
        "api_op_DeregisterTargets.go",
        "api_op_DescribeAccountLimits.go",
        "api_op_DescribeListenerCertificates.go",
        "api_op_DescribeListeners.go",
        "api_op_DescribeLoadBalancerAttributes.go",
        "api_op_DescribeLoadBalancers.go",
        "api_op_DescribeRules.go",
        "api_op_DescribeSSLPolicies.go",
        "api_op_DescribeTags.go",
        "api_op_DescribeTargetGroupAttributes.go",
        "api_op_DescribeTargetGroups.go",
        "api_op_DescribeTargetHealth.go",
        "api_op_ModifyListener.go",
        "api_op_ModifyLoadBalancerAttributes.go",
        "api_op_ModifyRule.go",
        "api_op_ModifyTargetGroup.go",
        "api_op_ModifyTargetGroupAttributes.go",
        "api_op_RegisterTargets.go",
        "api_op_RemoveListenerCertificates.go",
        "api_op_RemoveTags.go",
        "api_op_SetIpAddressType.go",
        "api_op_SetRulePriorities.go",
        "api_op_SetSecurityGroups.go",
        "api_op_SetSubnets.go",
        "auth.go",
        "deserializers.go",
        "doc.go",
        "endpoints.go",
        "endpoints_config_test.go",
        "endpoints_test.go",
        "generated.json",
        "internal/endpoints/endpoints.go",
        "internal/endpoints/endpoints_test.go",
        "options.go",
        "protocol_test.go",
        "serializers.go",
        "types/enums.go",
        "types/errors.go",
        "types/types.go",
        "validators.go"
    ],
    "go": "1.15",
    "module": "github.com/aws/aws-sdk-go-v2/service/elasticloadbalancingv2",
    "unstable": false
}
