{
    "dependencies": {
        "github.com/aws/aws-sdk-go-v2": "v1.4.0",
        "github.com/aws/aws-sdk-go-v2/internal/configsources": "v0.0.0-00010101000000-000000000000",
        "github.com/aws/aws-sdk-go-v2/internal/endpoints/v2": "v2.0.0-00010101000000-000000000000",
        "github.com/aws/smithy-go": "v1.4.0",
        "github.com/google/go-cmp": "v0.5.4"
    },
    "files": [
        "api_client.go",
        "api_client_test.go",
        "api_op_AssociateWebACL.go",
        "api_op_CheckCapacity.go",
        "api_op_CreateAPIKey.go",
        "api_op_CreateIPSet.go",
        "api_op_CreateRegexPatternSet.go",
        "api_op_CreateRuleGroup.go",
        "api_op_CreateWebACL.go",
        "api_op_DeleteAPIKey.go",
        "api_op_DeleteFirewallManagerRuleGroups.go",
        "api_op_DeleteIPSet.go",
        "api_op_DeleteLoggingConfiguration.go",
        "api_op_DeletePermissionPolicy.go",
        "api_op_DeleteRegexPatternSet.go",
        "api_op_DeleteRuleGroup.go",
        "api_op_DeleteWebACL.go",
        "api_op_DescribeAllManagedProducts.go",
        "api_op_DescribeManagedProductsByVendor.go",
        "api_op_DescribeManagedRuleGroup.go",
        "api_op_DisassociateWebACL.go",
        "api_op_GenerateMobileSdkReleaseUrl.go",
        "api_op_GetDecryptedAPIKey.go",
        "api_op_GetIPSet.go",
        "api_op_GetLoggingConfiguration.go",
        "api_op_GetManagedRuleSet.go",
        "api_op_GetMobileSdkRelease.go",
        "api_op_GetPermissionPolicy.go",
        "api_op_GetRateBasedStatementManagedKeys.go",
        "api_op_GetRegexPatternSet.go",
        "api_op_GetRuleGroup.go",
        "api_op_GetSampledRequests.go",
        "api_op_GetWebACL.go",
        "api_op_GetWebACLForResource.go",
        "api_op_ListAPIKeys.go",
        "api_op_ListAvailableManagedRuleGroupVersions.go",
        "api_op_ListAvailableManagedRuleGroups.go",
        "api_op_ListIPSets.go",
        "api_op_ListLoggingConfigurations.go",
        "api_op_ListManagedRuleSets.go",
        "api_op_ListMobileSdkReleases.go",
        "api_op_ListRegexPatternSets.go",
        "api_op_ListResourcesForWebACL.go",
        "api_op_ListRuleGroups.go",
        "api_op_ListTagsForResource.go",
        "api_op_ListWebACLs.go",
        "api_op_PutLoggingConfiguration.go",
        "api_op_PutManagedRuleSetVersions.go",
        "api_op_PutPermissionPolicy.go",
        "api_op_TagResource.go",
        "api_op_UntagResource.go",
        "api_op_UpdateIPSet.go",
        "api_op_UpdateManagedRuleSetVersionExpiryDate.go",
        "api_op_UpdateRegexPatternSet.go",
        "api_op_UpdateRuleGroup.go",
        "api_op_UpdateWebACL.go",
        "auth.go",
        "deserializers.go",
        "doc.go",
        "endpoints.go",
        "endpoints_config_test.go",
        "endpoints_test.go",
        "generated.json",
        "internal/endpoints/endpoints.go",
        "internal/endpoints/endpoints_test.go",
        "options.go",
        "protocol_test.go",
        "serializers.go",
        "snapshot_test.go",
        "types/enums.go",
        "types/errors.go",
        "types/types.go",
        "validators.go"
    ],
    "go": "1.15",
    "module": "github.com/aws/aws-sdk-go-v2/service/wafv2",
    "unstable": false
}
