{
    "dependencies": {
        "github.com/aws/aws-sdk-go-v2": "v1.4.0",
        "github.com/aws/aws-sdk-go-v2/internal/configsources": "v0.0.0-00010101000000-000000000000",
        "github.com/aws/aws-sdk-go-v2/internal/endpoints/v2": "v2.0.0-00010101000000-000000000000",
        "github.com/aws/aws-sdk-go-v2/service/internal/accept-encoding": "v1.0.5",
        "github.com/aws/aws-sdk-go-v2/service/internal/presigned-url": "v1.0.7",
        "github.com/aws/smithy-go": "v1.4.0",
        "github.com/google/go-cmp": "v0.5.4",
        "github.com/jmespath/go-jmespath": "v0.4.0"
    },
    "files": [
        "api_client.go",
        "api_client_test.go",
        "api_op_AddRoleToDBCluster.go",
        "api_op_AddSourceIdentifierToSubscription.go",
        "api_op_AddTagsToResource.go",
        "api_op_ApplyPendingMaintenanceAction.go",
        "api_op_CopyDBClusterParameterGroup.go",
        "api_op_CopyDBClusterSnapshot.go",
        "api_op_CopyDBClusterSnapshot_test.go",
        "api_op_CopyDBParameterGroup.go",
        "api_op_CreateDBCluster.go",
        "api_op_CreateDBClusterEndpoint.go",
        "api_op_CreateDBClusterParameterGroup.go",
        "api_op_CreateDBClusterSnapshot.go",
        "api_op_CreateDBCluster_test.go",
        "api_op_CreateDBInstance.go",
        "api_op_CreateDBParameterGroup.go",
        "api_op_CreateDBSubnetGroup.go",
        "api_op_CreateEventSubscription.go",
        "api_op_CreateGlobalCluster.go",
        "api_op_DeleteDBCluster.go",
        "api_op_DeleteDBClusterEndpoint.go",
        "api_op_DeleteDBClusterParameterGroup.go",
        "api_op_DeleteDBClusterSnapshot.go",
        "api_op_DeleteDBInstance.go",
        "api_op_DeleteDBParameterGroup.go",
        "api_op_DeleteDBSubnetGroup.go",
        "api_op_DeleteEventSubscription.go",
        "api_op_DeleteGlobalCluster.go",
        "api_op_DescribeDBClusterEndpoints.go",
        "api_op_DescribeDBClusterParameterGroups.go",
        "api_op_DescribeDBClusterParameters.go",
        "api_op_DescribeDBClusterSnapshotAttributes.go",
        "api_op_DescribeDBClusterSnapshots.go",
        "api_op_DescribeDBClusters.go",
        "api_op_DescribeDBEngineVersions.go",
        "api_op_DescribeDBInstances.go",
        "api_op_DescribeDBParameterGroups.go",
        "api_op_DescribeDBParameters.go",
        "api_op_DescribeDBSubnetGroups.go",
        "api_op_DescribeEngineDefaultClusterParameters.go",
        "api_op_DescribeEngineDefaultParameters.go",
        "api_op_DescribeEventCategories.go",
        "api_op_DescribeEventSubscriptions.go",
        "api_op_DescribeEvents.go",
        "api_op_DescribeGlobalClusters.go",
        "api_op_DescribeOrderableDBInstanceOptions.go",
        "api_op_DescribePendingMaintenanceActions.go",
        "api_op_DescribeValidDBInstanceModifications.go",
        "api_op_FailoverDBCluster.go",
        "api_op_FailoverGlobalCluster.go",
        "api_op_ListTagsForResource.go",
        "api_op_ModifyDBCluster.go",
        "api_op_ModifyDBClusterEndpoint.go",
        "api_op_ModifyDBClusterParameterGroup.go",
        "api_op_ModifyDBClusterSnapshotAttribute.go",
        "api_op_ModifyDBInstance.go",
        "api_op_ModifyDBParameterGroup.go",
        "api_op_ModifyDBSubnetGroup.go",
        "api_op_ModifyEventSubscription.go",
        "api_op_ModifyGlobalCluster.go",
        "api_op_PromoteReadReplicaDBCluster.go",
        "api_op_RebootDBInstance.go",
        "api_op_RemoveFromGlobalCluster.go",
        "api_op_RemoveRoleFromDBCluster.go",
        "api_op_RemoveSourceIdentifierFromSubscription.go",
        "api_op_RemoveTagsFromResource.go",
        "api_op_ResetDBClusterParameterGroup.go",
        "api_op_ResetDBParameterGroup.go",
        "api_op_RestoreDBClusterFromSnapshot.go",
        "api_op_RestoreDBClusterToPointInTime.go",
        "api_op_StartDBCluster.go",
        "api_op_StopDBCluster.go",
        "auth.go",
        "deserializers.go",
        "doc.go",
        "endpoints.go",
        "endpoints_config_test.go",
        "endpoints_test.go",
        "generated.json",
        "internal/endpoints/endpoints.go",
        "internal/endpoints/endpoints_test.go",
        "options.go",
        "protocol_test.go",
        "serializers.go",
        "types/enums.go",
        "types/errors.go",
        "types/types.go",
        "validators.go"
    ],
    "go": "1.15",
    "module": "github.com/aws/aws-sdk-go-v2/service/neptune",
    "unstable": false
}
