{
    "dependencies": {
        "github.com/aws/aws-sdk-go-v2": "v1.4.0",
        "github.com/aws/aws-sdk-go-v2/internal/configsources": "v0.0.0-00010101000000-000000000000",
        "github.com/aws/aws-sdk-go-v2/internal/endpoints/v2": "v2.0.0-00010101000000-000000000000",
        "github.com/aws/smithy-go": "v1.4.0",
        "github.com/google/go-cmp": "v0.5.4",
        "github.com/jmespath/go-jmespath": "v0.4.0"
    },
    "files": [
        "api_client.go",
        "api_client_test.go",
        "api_op_AcceptReservedNodeExchange.go",
        "api_op_AddPartner.go",
        "api_op_AssociateDataShareConsumer.go",
        "api_op_AuthorizeClusterSecurityGroupIngress.go",
        "api_op_AuthorizeDataShare.go",
        "api_op_AuthorizeEndpointAccess.go",
        "api_op_AuthorizeSnapshotAccess.go",
        "api_op_BatchDeleteClusterSnapshots.go",
        "api_op_BatchModifyClusterSnapshots.go",
        "api_op_CancelResize.go",
        "api_op_CopyClusterSnapshot.go",
        "api_op_CreateAuthenticationProfile.go",
        "api_op_CreateCluster.go",
        "api_op_CreateClusterParameterGroup.go",
        "api_op_CreateClusterSecurityGroup.go",
        "api_op_CreateClusterSnapshot.go",
        "api_op_CreateClusterSubnetGroup.go",
        "api_op_CreateCustomDomainAssociation.go",
        "api_op_CreateEndpointAccess.go",
        "api_op_CreateEventSubscription.go",
        "api_op_CreateHsmClientCertificate.go",
        "api_op_CreateHsmConfiguration.go",
        "api_op_CreateRedshiftIdcApplication.go",
        "api_op_CreateScheduledAction.go",
        "api_op_CreateSnapshotCopyGrant.go",
        "api_op_CreateSnapshotSchedule.go",
        "api_op_CreateTags.go",
        "api_op_CreateUsageLimit.go",
        "api_op_DeauthorizeDataShare.go",
        "api_op_DeleteAuthenticationProfile.go",
        "api_op_DeleteCluster.go",
        "api_op_DeleteClusterParameterGroup.go",
        "api_op_DeleteClusterSecurityGroup.go",
        "api_op_DeleteClusterSnapshot.go",
        "api_op_DeleteClusterSubnetGroup.go",
        "api_op_DeleteCustomDomainAssociation.go",
        "api_op_DeleteEndpointAccess.go",
        "api_op_DeleteEventSubscription.go",
        "api_op_DeleteHsmClientCertificate.go",
        "api_op_DeleteHsmConfiguration.go",
        "api_op_DeletePartner.go",
        "api_op_DeleteRedshiftIdcApplication.go",
        "api_op_DeleteResourcePolicy.go",
        "api_op_DeleteScheduledAction.go",
        "api_op_DeleteSnapshotCopyGrant.go",
        "api_op_DeleteSnapshotSchedule.go",
        "api_op_DeleteTags.go",
        "api_op_DeleteUsageLimit.go",
        "api_op_DescribeAccountAttributes.go",
        "api_op_DescribeAuthenticationProfiles.go",
        "api_op_DescribeClusterDbRevisions.go",
        "api_op_DescribeClusterParameterGroups.go",
        "api_op_DescribeClusterParameters.go",
        "api_op_DescribeClusterSecurityGroups.go",
        "api_op_DescribeClusterSnapshots.go",
        "api_op_DescribeClusterSubnetGroups.go",
        "api_op_DescribeClusterTracks.go",
        "api_op_DescribeClusterVersions.go",
        "api_op_DescribeClusters.go",
        "api_op_DescribeCustomDomainAssociations.go",
        "api_op_DescribeDataShares.go",
        "api_op_DescribeDataSharesForConsumer.go",
        "api_op_DescribeDataSharesForProducer.go",
        "api_op_DescribeDefaultClusterParameters.go",
        "api_op_DescribeEndpointAccess.go",
        "api_op_DescribeEndpointAuthorization.go",
        "api_op_DescribeEventCategories.go",
        "api_op_DescribeEventSubscriptions.go",
        "api_op_DescribeEvents.go",
        "api_op_DescribeHsmClientCertificates.go",
        "api_op_DescribeHsmConfigurations.go",
        "api_op_DescribeInboundIntegrations.go",
        "api_op_DescribeLoggingStatus.go",
        "api_op_DescribeNodeConfigurationOptions.go",
        "api_op_DescribeOrderableClusterOptions.go",
        "api_op_DescribePartners.go",
        "api_op_DescribeRedshiftIdcApplications.go",
        "api_op_DescribeReservedNodeExchangeStatus.go",
        "api_op_DescribeReservedNodeOfferings.go",
        "api_op_DescribeReservedNodes.go",
        "api_op_DescribeResize.go",
        "api_op_DescribeScheduledActions.go",
        "api_op_DescribeSnapshotCopyGrants.go",
        "api_op_DescribeSnapshotSchedules.go",
        "api_op_DescribeStorage.go",
        "api_op_DescribeTableRestoreStatus.go",
        "api_op_DescribeTags.go",
        "api_op_DescribeUsageLimits.go",
        "api_op_DisableLogging.go",
        "api_op_DisableSnapshotCopy.go",
        "api_op_DisassociateDataShareConsumer.go",
        "api_op_EnableLogging.go",
        "api_op_EnableSnapshotCopy.go",
        "api_op_FailoverPrimaryCompute.go",
        "api_op_GetClusterCredentials.go",
        "api_op_GetClusterCredentialsWithIAM.go",
        "api_op_GetReservedNodeExchangeConfigurationOptions.go",
        "api_op_GetReservedNodeExchangeOfferings.go",
        "api_op_GetResourcePolicy.go",
        "api_op_ModifyAquaConfiguration.go",
        "api_op_ModifyAuthenticationProfile.go",
        "api_op_ModifyCluster.go",
        "api_op_ModifyClusterDbRevision.go",
        "api_op_ModifyClusterIamRoles.go",
        "api_op_ModifyClusterMaintenance.go",
        "api_op_ModifyClusterParameterGroup.go",
        "api_op_ModifyClusterSnapshot.go",
        "api_op_ModifyClusterSnapshotSchedule.go",
        "api_op_ModifyClusterSubnetGroup.go",
        "api_op_ModifyCustomDomainAssociation.go",
        "api_op_ModifyEndpointAccess.go",
        "api_op_ModifyEventSubscription.go",
        "api_op_ModifyRedshiftIdcApplication.go",
        "api_op_ModifyScheduledAction.go",
        "api_op_ModifySnapshotCopyRetentionPeriod.go",
        "api_op_ModifySnapshotSchedule.go",
        "api_op_ModifyUsageLimit.go",
        "api_op_PauseCluster.go",
        "api_op_PurchaseReservedNodeOffering.go",
        "api_op_PutResourcePolicy.go",
        "api_op_RebootCluster.go",
        "api_op_RejectDataShare.go",
        "api_op_ResetClusterParameterGroup.go",
        "api_op_ResizeCluster.go",
        "api_op_RestoreFromClusterSnapshot.go",
        "api_op_RestoreTableFromClusterSnapshot.go",
        "api_op_ResumeCluster.go",
        "api_op_RevokeClusterSecurityGroupIngress.go",
        "api_op_RevokeEndpointAccess.go",
        "api_op_RevokeSnapshotAccess.go",
        "api_op_RotateEncryptionKey.go",
        "api_op_UpdatePartnerStatus.go",
        "auth.go",
        "deserializers.go",
        "doc.go",
        "endpoints.go",
        "endpoints_config_test.go",
        "endpoints_test.go",
        "generated.json",
        "internal/endpoints/endpoints.go",
        "internal/endpoints/endpoints_test.go",
        "options.go",
        "protocol_test.go",
        "serializers.go",
        "types/enums.go",
        "types/errors.go",
        "types/types.go",
        "types/types_exported_test.go",
        "validators.go"
    ],
    "go": "1.15",
    "module": "github.com/aws/aws-sdk-go-v2/service/redshift",
    "unstable": false
}
